tournament,date,player_a,player_b,score_a,score_b,game_scores,round,tier,sub_event,event_id,stage,player_a_raw,player_b_raw,winner_raw
US Open Fort Lauderdale 2005,2005-07-07,SAMSONOV Vladimir,REED Barney,4,0,"14,13,11,11|12,11,5,6",R64,GRAND_SLAM,MS,1739,Main Draw,SAMSONOV Vladimir (BLR),REED Barney (USA),SAMSONOV Vladimir
US Open Fort Lauderdale 2005,2005-07-07,SVENSSON Robert,MOLDOVAN Istvan,4,1,"11,6,12,11,11|7,11,10,8,5",R64,GRAND_SLAM,MS,1739,Main Draw,SVENSSON Robert (SWE),MOLDOVAN Istvan (NOR),SVENSSON Robert
US Open Fort Lauderdale 2005,2005-07-07,MOLIN Magnus,SORENSEN Mads,4,1,"14,11,8,11,11|12,1,11,6,8",R64,GRAND_SLAM,MS,1739,Main Draw,MOLIN Magnus (SWE),SORENSEN Mads (DEN),MOLIN Magnus
US Open Fort Lauderdale 2005,2005-07-07,WOSIK Torben,PETER-PAUL Pradeeban,4,3,"3,9,8,11,11,13,11|11,11,11,5,7,11,6",R64,GRAND_SLAM,MS,1739,Main Draw,WOSIK Torben (GER),PETER-PAUL Pradeeban (CAN),WOSIK Torben
US Open Fort Lauderdale 2005,2005-07-07,ELOI Damien,PETERSEN Christoffer,4,1,"6,11,11,11,11|11,5,6,8,7",R64,GRAND_SLAM,MS,1739,Main Draw,ELOI Damien (FRA),PETERSEN Christoffer (DEN),ELOI Damien
US Open Fort Lauderdale 2005,2005-07-07,SEREDA Peter,ROBERTSON Adam,4,1,"11,12,9,11,11|7,10,11,3,8",R64,GRAND_SLAM,MS,1739,Main Draw,SEREDA Peter (SVK),ROBERTSON Adam (WAL),SEREDA Peter
US Open Fort Lauderdale 2005,2005-07-07,VOSTES Yannick,TUGWELL Finn,4,3,"11,7,3,5,11,11,11|7,11,11,11,3,7,8",R64,GRAND_SLAM,MS,1739,Main Draw,VOSTES Yannick (BEL),TUGWELL Finn (DEN),VOSTES Yannick
US Open Fort Lauderdale 2005,2005-07-07,LUNDQVIST Jens,LEE Jinkwon,4,0,"11,14,11,11|7,12,3,9",R64,GRAND_SLAM,MS,1739,Main Draw,LUNDQVIST Jens (SWE),LEE Jinkwon (KOR),LUNDQVIST Jens
US Open Fort Lauderdale 2005,2005-07-07,CHEN Weixing,LO Dany,4,0,"11,11,11,11|6,5,4,2",R64,GRAND_SLAM,MS,1739,Main Draw,CHEN Weixing (AUT),LO Dany (FRA),CHEN Weixing
US Open Fort Lauderdale 2005,2005-07-07,PISTEJ Lubomir,BERTIN Christophe,4,2,"11,7,11,6,11,11|8,11,7,11,9,8",R64,GRAND_SLAM,MS,1739,Main Draw,PISTEJ Lubomir (SVK),BERTIN Christophe (FRA),PISTEJ Lubomir
US Open Fort Lauderdale 2005,2005-07-07,AXELQVIST Johan,JOVER Sebastien,4,3,"10,12,10,11,11,11,11|12,14,12,9,3,8,9",R64,GRAND_SLAM,MS,1739,Main Draw,AXELQVIST Johan (SWE),JOVER Sebastien (FRA),AXELQVIST Johan
US Open Fort Lauderdale 2005,2005-07-07,LEGOUT Christophe,CHO Jihoon,4,1,"11,8,11,11,11|7,11,6,4,5",R64,GRAND_SLAM,MS,1739,Main Draw,LEGOUT Christophe (FRA),CHO Jihoon (KOR),LEGOUT Christophe
US Open Fort Lauderdale 2005,2005-07-07,CHILA Patrick,KIM Taehoon,4,2,"4,11,9,13,11,11|11,9,11,11,7,5",R64,GRAND_SLAM,MS,1739,Main Draw,CHILA Patrick (FRA),KIM Taehoon (KOR),CHILA Patrick
US Open Fort Lauderdale 2005,2005-07-07,KEINATH Thomas,SAHA Subhajit,4,1,"11,7,11,11,11|6,11,7,3,6",R64,GRAND_SLAM,MS,1739,Main Draw,KEINATH Thomas (SVK),SAHA Subhajit (IND),KEINATH Thomas
US Open Fort Lauderdale 2005,2005-07-07,KONGSGAARD Christian,MARMUREK Olivier,4,1,"11,11,8,11,11|9,9,11,8,2",R64,GRAND_SLAM,MS,1739,Main Draw,KONGSGAARD Christian (DEN),MARMUREK Olivier (FRA),KONGSGAARD Christian
US Open Fort Lauderdale 2005,2005-07-07,OH Sangeun,MAECK Anthony,4,0,"11,11,11,11|8,6,9,8",R64,GRAND_SLAM,MS,1739,Main Draw,OH Sangeun (KOR),MAECK Anthony (BEL),OH Sangeun
US Open Fort Lauderdale 2005,2005-07-07,SAIVE Jean-Michel,HINSE Pierre-Luc,4,1,"11,12,9,11,11|8,10,11,4,4",R64,GRAND_SLAM,MS,1739,Main Draw,SAIVE Jean-Michel (BEL),HINSE Pierre-Luc (CAN),SAIVE Jean-Michel
US Open Fort Lauderdale 2005,2005-07-07,YOON Jaeyoung,DURAN Marc,4,3,"6,11,7,14,6,11,11|11,6,11,12,11,7,9",R64,GRAND_SLAM,MS,1739,Main Draw,YOON Jaeyoung (KOR),DURAN Marc (ESP),YOON Jaeyoung
US Open Fort Lauderdale 2005,2005-07-07,BOBILLIER Loic,CHENG Yinghua,4,1,"13,11,11,11,11|11,9,9,13,5",R64,GRAND_SLAM,MS,1739,Main Draw,BOBILLIER Loic (FRA),CHENG Yinghua (USA),BOBILLIER Loic
US Open Fort Lauderdale 2005,2005-07-07,KUZMIN Fedor,YOO Changjae,4,1,"11,7,11,12,11|9,11,8,10,3",R64,GRAND_SLAM,MS,1739,Main Draw,KUZMIN Fedor (RUS),YOO Changjae (KOR),KUZMIN Fedor
US Open Fort Lauderdale 2005,2005-07-07,LEE Chulseung,ACHANTA Sharath,4,3,"6,9,12,11,11,9,11|11,11,10,6,4,11,6",R64,GRAND_SLAM,MS,1739,Main Draw,LEE Chulseung (KOR),ACHANTA Sharath (IND),LEE Chulseung
US Open Fort Lauderdale 2005,2005-07-07,LEE Jungwoo,KASSAM Faazil,4,0,"11,11,11,11|6,6,4,5",R64,GRAND_SLAM,MS,1739,Main Draw,LEE Jungwoo (KOR),KASSAM Faazil (CAN),LEE Jungwoo
US Open Fort Lauderdale 2005,2005-07-07,CHO Eonrae,ZHUANG David,4,0,"11,11,12,11|8,9,10,9",R64,GRAND_SLAM,MS,1739,Main Draw,CHO Eonrae (KOR),ZHUANG David (USA),CHO Eonrae
US Open Fort Lauderdale 2005,2005-07-07,SMIRNOV Alexey,DESPRES Rodolphe,4,0,"11,11,11,11|5,2,6,4",R64,GRAND_SLAM,MS,1739,Main Draw,SMIRNOV Alexey (RUS),DESPRES Rodolphe (FRA),SMIRNOV Alexey
US Open Fort Lauderdale 2005,2005-07-07,GAO Ning,MEHTA Pathik,4,0,"11,11,11,11|7,3,7,7",R64,GRAND_SLAM,MS,1739,Main Draw,GAO Ning (SGP),MEHTA Pathik (IND),GAO Ning
US Open Fort Lauderdale 2005,2005-07-07,GERELL Par,CHRIST Nico,4,0,"11,11,11,11|8,5,7,9",R64,GRAND_SLAM,MS,1739,Main Draw,GERELL Par (SWE),CHRIST Nico (GER),GERELL Par
US Open Fort Lauderdale 2005,2005-07-07,GARDOS Robert,FAN Guoliang,4,1,"11,11,11,11,11|13,6,8,2,9",R64,GRAND_SLAM,MS,1739,Main Draw,GARDOS Robert (AUT),FAN Guoliang (ESP),GARDOS Robert
US Open Fort Lauderdale 2005,2005-07-07,FEJER-KONNERTH Zoltan,TAKAKIWA Kenichi,4,1,"11,5,12,11,11|8,11,10,8,9",R64,GRAND_SLAM,MS,1739,Main Draw,FEJER-KONNERTH Zoltan (GER),TAKAKIWA Kenichi (JPN),FEJER-KONNERTH Zoltan
US Open Fort Lauderdale 2005,2005-07-07,GIONIS Panagiotis,ROY Soumyadeep,4,2,"11,13,9,9,11,11|7,11,11,11,6,4",R64,GRAND_SLAM,MS,1739,Main Draw,GIONIS Panagiotis (GRE),ROY Soumyadeep (IND),GIONIS Panagiotis
US Open Fort Lauderdale 2005,2005-07-07,MONRAD Martin,MATSUMOTO Cazuo,4,3,"3,11,11,2,12,9,14|11,6,7,11,10,11,12",R64,GRAND_SLAM,MS,1739,Main Draw,MONRAD Martin (DEN),MATSUMOTO Cazuo (BRA),MONRAD Martin
US Open Fort Lauderdale 2005,2005-07-07,CHUANG Chih-Yuan,TSUBOI Gustavo,4,0,"11,13,11,11|5,11,6,6",R64,GRAND_SLAM,MS,1739,Main Draw,CHUANG Chih-Yuan (TPE),TSUBOI Gustavo (BRA),CHUANG Chih-Yuan
US Open Fort Lauderdale 2005,2005-07-07,SAMSONOV Vladimir,SVENSSON Robert,4,0,"11,11,11,11|2,8,7,4",R32,GRAND_SLAM,MS,1739,Main Draw,SAMSONOV Vladimir (BLR),SVENSSON Robert (SWE),SAMSONOV Vladimir
US Open Fort Lauderdale 2005,2005-07-07,WOSIK Torben,MOLIN Magnus,4,1,"11,11,7,11,11|7,3,11,7,7",R32,GRAND_SLAM,MS,1739,Main Draw,WOSIK Torben (GER),MOLIN Magnus (SWE),WOSIK Torben
US Open Fort Lauderdale 2005,2005-07-07,ELOI Damien,SEREDA Peter,4,0,"13,11,11,11|11,5,8,3",R32,GRAND_SLAM,MS,1739,Main Draw,ELOI Damien (FRA),SEREDA Peter (SVK),ELOI Damien
US Open Fort Lauderdale 2005,2005-07-07,LUNDQVIST Jens,VOSTES Yannick,4,0,"11,11,11,11|7,9,6,6",R32,GRAND_SLAM,MS,1739,Main Draw,LUNDQVIST Jens (SWE),VOSTES Yannick (BEL),LUNDQVIST Jens
US Open Fort Lauderdale 2005,2005-07-07,CHEN Weixing,PISTEJ Lubomir,4,0,"12,11,11,11|10,6,3,5",R32,GRAND_SLAM,MS,1739,Main Draw,CHEN Weixing (AUT),PISTEJ Lubomir (SVK),CHEN Weixing
US Open Fort Lauderdale 2005,2005-07-07,LEGOUT Christophe,AXELQVIST Johan,4,1,"11,11,11,8,11|4,9,7,11,8",R32,GRAND_SLAM,MS,1739,Main Draw,LEGOUT Christophe (FRA),AXELQVIST Johan (SWE),LEGOUT Christophe
US Open Fort Lauderdale 2005,2005-07-07,KEINATH Thomas,CHILA Patrick,4,2,"12,2,11,11,11,11|14,11,7,9,9,6",R32,GRAND_SLAM,MS,1739,Main Draw,KEINATH Thomas (SVK),CHILA Patrick (FRA),KEINATH Thomas
US Open Fort Lauderdale 2005,2005-07-07,OH Sangeun,KONGSGAARD Christian,4,1,"7,11,11,11,11|11,7,5,6,9",R32,GRAND_SLAM,MS,1739,Main Draw,OH Sangeun (KOR),KONGSGAARD Christian (DEN),OH Sangeun
US Open Fort Lauderdale 2005,2005-07-07,YOON Jaeyoung,SAIVE Jean-Michel,4,1,"11,12,8,11,11|7,10,11,6,4",R32,GRAND_SLAM,MS,1739,Main Draw,YOON Jaeyoung (KOR),SAIVE Jean-Michel (BEL),YOON Jaeyoung
US Open Fort Lauderdale 2005,2005-07-07,KUZMIN Fedor,BOBILLIER Loic,4,0,"11,11,11,11|8,8,8,6",R32,GRAND_SLAM,MS,1739,Main Draw,KUZMIN Fedor (RUS),BOBILLIER Loic (FRA),KUZMIN Fedor
US Open Fort Lauderdale 2005,2005-07-07,LEE Jungwoo,LEE Chulseung,4,1,"11,8,11,11,11|8,11,8,9,6",R32,GRAND_SLAM,MS,1739,Main Draw,LEE Jungwoo (KOR),LEE Chulseung (KOR),LEE Jungwoo
US Open Fort Lauderdale 2005,2005-07-07,CHO Eonrae,SMIRNOV Alexey,4,0,"11,11,11,11|7,2,7,5",R32,GRAND_SLAM,MS,1739,Main Draw,CHO Eonrae (KOR),SMIRNOV Alexey (RUS),CHO Eonrae
US Open Fort Lauderdale 2005,2005-07-07,GAO Ning,FETH Stefan,4,2,"11,8,11,9,12,11|7,11,8,11,10,7",R32,GRAND_SLAM,MS,1739,Main Draw,GAO Ning (SGP),FETH Stefan (GER),GAO Ning
US Open Fort Lauderdale 2005,2005-07-07,GERELL Par,GARDOS Robert,4,0,"11,12,11,11|8,10,9,2",R32,GRAND_SLAM,MS,1739,Main Draw,GERELL Par (SWE),GARDOS Robert (AUT),GERELL Par
US Open Fort Lauderdale 2005,2005-07-07,GIONIS Panagiotis,FEJER-KONNERTH Zoltan,4,3,"11,8,11,6,11,2,11|7,11,7,11,7,11,3",R32,GRAND_SLAM,MS,1739,Main Draw,GIONIS Panagiotis (GRE),FEJER-KONNERTH Zoltan (GER),GIONIS Panagiotis
US Open Fort Lauderdale 2005,2005-07-07,MONRAD Martin,CHUANG Chih-Yuan,4,3,"6,8,6,11,11,11,11|11,11,11,6,7,6,7",R32,GRAND_SLAM,MS,1739,Main Draw,MONRAD Martin (DEN),CHUANG Chih-Yuan (TPE),MONRAD Martin
US Open Fort Lauderdale 2005,2005-07-07,SAMSONOV Vladimir,WOSIK Torben,4,1,"8,11,12,11,11|11,5,10,8,8",R16,GRAND_SLAM,MS,1739,Main Draw,SAMSONOV Vladimir (BLR),WOSIK Torben (GER),SAMSONOV Vladimir
US Open Fort Lauderdale 2005,2005-07-07,LUNDQVIST Jens,ELOI Damien,4,3,"10,11,13,6,11,5,11|12,9,11,11,8,11,8",R16,GRAND_SLAM,MS,1739,Main Draw,LUNDQVIST Jens (SWE),ELOI Damien (FRA),LUNDQVIST Jens
US Open Fort Lauderdale 2005,2005-07-07,CHEN Weixing,LEGOUT Christophe,4,0,"11,11,11,11|5,9,5,9",R16,GRAND_SLAM,MS,1739,Main Draw,CHEN Weixing (AUT),LEGOUT Christophe (FRA),CHEN Weixing
US Open Fort Lauderdale 2005,2005-07-07,OH Sangeun,KEINATH Thomas,4,3,"11,10,14,9,9,11,11|5,12,12,11,11,7,7",R16,GRAND_SLAM,MS,1739,Main Draw,OH Sangeun (KOR),KEINATH Thomas (SVK),OH Sangeun
US Open Fort Lauderdale 2005,2005-07-07,KUZMIN Fedor,YOON Jaeyoung,4,1,"11,8,14,11,11|8,11,12,5,7",R16,GRAND_SLAM,MS,1739,Main Draw,KUZMIN Fedor (RUS),YOON Jaeyoung (KOR),KUZMIN Fedor
US Open Fort Lauderdale 2005,2005-07-07,LEE Jungwoo,CHO Eonrae,4,3,"3,11,8,11,11,10,11|11,7,11,8,7,12,6",R16,GRAND_SLAM,MS,1739,Main Draw,LEE Jungwoo (KOR),CHO Eonrae (KOR),LEE Jungwoo
US Open Fort Lauderdale 2005,2005-07-07,GAO Ning,GERELL Par,4,1,"11,11,6,11,11|9,6,11,8,8",R16,GRAND_SLAM,MS,1739,Main Draw,GAO Ning (SGP),GERELL Par (SWE),GAO Ning
US Open Fort Lauderdale 2005,2005-07-07,MONRAD Martin,GIONIS Panagiotis,4,1,"11,12,9,11,11|3,10,11,9,8",R16,GRAND_SLAM,MS,1739,Main Draw,MONRAD Martin (DEN),GIONIS Panagiotis (GRE),MONRAD Martin
US Open Fort Lauderdale 2005,2005-07-07,SAMSONOV Vladimir,LUNDQVIST Jens,4,0,"13,11,11,11|11,6,7,9",QF,GRAND_SLAM,MS,1739,Main Draw,SAMSONOV Vladimir (BLR),LUNDQVIST Jens (SWE),SAMSONOV Vladimir
US Open Fort Lauderdale 2005,2005-07-07,OH Sangeun,CHEN Weixing,4,2,"11,11,11,6,8,11|9,7,6,11,11,8",QF,GRAND_SLAM,MS,1739,Main Draw,OH Sangeun (KOR),CHEN Weixing (AUT),OH Sangeun
US Open Fort Lauderdale 2005,2005-07-07,LEE Jungwoo,KUZMIN Fedor,4,1,"11,9,11,11,11|4,11,8,9,5",QF,GRAND_SLAM,MS,1739,Main Draw,LEE Jungwoo (KOR),KUZMIN Fedor (RUS),LEE Jungwoo
US Open Fort Lauderdale 2005,2005-07-07,MONRAD Martin,GAO Ning,4,2,"9,11,14,9,11,12|11,7,12,11,6,10",QF,GRAND_SLAM,MS,1739,Main Draw,MONRAD Martin (DEN),GAO Ning (SGP),MONRAD Martin
US Open Fort Lauderdale 2005,2005-07-07,OH Sangeun,SAMSONOV Vladimir,4,1,"8,11,11,11,11|11,4,8,8,9",SF,GRAND_SLAM,MS,1739,Main Draw,OH Sangeun (KOR),SAMSONOV Vladimir (BLR),OH Sangeun
US Open Fort Lauderdale 2005,2005-07-07,LEE Jungwoo,MONRAD Martin,4,1,"11,11,9,11,13|7,4,11,1,11",SF,GRAND_SLAM,MS,1739,Main Draw,LEE Jungwoo (KOR),MONRAD Martin (DEN),LEE Jungwoo
US Open Fort Lauderdale 2005,2005-07-07,OH Sangeun,LEE Jungwoo,4,1,"11,16,11,11,11|13,14,8,6,5",F,GRAND_SLAM,MS,1739,Main Draw,OH Sangeun (KOR),LEE Jungwoo (KOR),OH Sangeun
US Open Fort Lauderdale 2005,2005-07-07,JOVER Sebastien,DATTEL Barry,4,0,"11,11,11,11|4,3,4,9",3,GRAND_SLAM,MS,1739,Qualification,JOVER Sebastien (FRA),DATTEL Barry (USA),JOVER Sebastien
US Open Fort Lauderdale 2005,2005-07-07,SANJAY Lester,COCHRAN Joseph,4,0,"11,11,11,11|5,7,6,9",,GRAND_SLAM,MS,1739,Qualification,SANJAY Lester (GUA),COCHRAN Joseph (USA),SANJAY Lester
US Open Fort Lauderdale 2005,2005-07-07,BOBILLIER Loic,SANJAY Lester,4,0,"12,11,11,11|10,4,3,3",QR2,GRAND_SLAM,MS,1739,Qualification,BOBILLIER Loic (FRA),SANJAY Lester (GUA),BOBILLIER Loic
US Open Fort Lauderdale 2005,2005-07-07,BOBILLIER Loic,COCHRAN Joseph,4,0,"11,11,11,11|3,3,8,8",3,GRAND_SLAM,MS,1739,Qualification,BOBILLIER Loic (FRA),COCHRAN Joseph (USA),BOBILLIER Loic
US Open Fort Lauderdale 2005,2005-07-07,CHUI Chi-Sun,STRACHAN Darryl,4,0,"11,11,11,11|7,9,7,5",,GRAND_SLAM,MS,1739,Qualification,CHUI Chi-Sun (USA),STRACHAN Darryl (JAM),CHUI Chi-Sun
US Open Fort Lauderdale 2005,2005-07-07,FETH Stefan,STRACHAN Darryl,4,0,"11,11,11,11|4,4,7,0",QR2,GRAND_SLAM,MS,1739,Qualification,FETH Stefan (GER),STRACHAN Darryl (JAM),FETH Stefan
US Open Fort Lauderdale 2005,2005-07-07,FETH Stefan,CHUI Chi-Sun,4,0,"11,11,11,11|5,7,5,9",3,GRAND_SLAM,MS,1739,Qualification,FETH Stefan (GER),CHUI Chi-Sun (USA),FETH Stefan
US Open Fort Lauderdale 2005,2005-07-07,NANDI Anirban,AU Kevin,4,1,"11,7,11,14,11|6,11,8,12,8",,GRAND_SLAM,MS,1739,Qualification,NANDI Anirban (IND),AU Kevin (USA),NANDI Anirban
US Open Fort Lauderdale 2005,2005-07-07,KIM Taehoon,NANDI Anirban,4,0,"11,11,11,11|8,4,7,3",QR2,GRAND_SLAM,MS,1739,Qualification,KIM Taehoon (KOR),NANDI Anirban (IND),KIM Taehoon
US Open Fort Lauderdale 2005,2005-07-07,KIM Taehoon,AU Kevin,4,0,"11,11,11,13|7,4,7,11",3,GRAND_SLAM,MS,1739,Qualification,KIM Taehoon (KOR),AU Kevin (USA),KIM Taehoon
US Open Fort Lauderdale 2005,2005-07-07,AXELQVIST Johan,ALBAN Keith,4,0,"11,11,11,11|8,8,8,7",3,GRAND_SLAM,MS,1739,Qualification,AXELQVIST Johan (SWE),ALBAN Keith (USA),AXELQVIST Johan
US Open Fort Lauderdale 2005,2005-07-07,FAN Guoliang,TIMSUWAN Sakda,4,0,"11,11,11,11|4,2,6,5",,GRAND_SLAM,MS,1739,Qualification,FAN Guoliang (ESP),TIMSUWAN Sakda (USA),FAN Guoliang
US Open Fort Lauderdale 2005,2005-07-07,LEE Jinkwon,TIMSUWAN Sakda,4,0,"11,11,11,11|4,9,5,3",QR2,GRAND_SLAM,MS,1739,Qualification,LEE Jinkwon (KOR),TIMSUWAN Sakda (USA),LEE Jinkwon
US Open Fort Lauderdale 2005,2005-07-07,FAN Guoliang,LEE Jinkwon,4,3,"7,11,12,11,11,9,11|11,4,14,9,5,11,8",3,GRAND_SLAM,MS,1739,Qualification,FAN Guoliang (ESP),LEE Jinkwon (KOR),FAN Guoliang
US Open Fort Lauderdale 2005,2005-07-07,GATICA Hector,RUNYAN Trevor,4,2,"7,8,11,11,11,11|11,11,9,9,7,7",,GRAND_SLAM,MS,1739,Qualification,GATICA Hector (GUA),RUNYAN Trevor (USA),GATICA Hector
US Open Fort Lauderdale 2005,2005-07-07,BERTIN Christophe,RUNYAN Trevor,4,0,"11,11,11,11|4,5,3,1",QR2,GRAND_SLAM,MS,1739,Qualification,BERTIN Christophe (FRA),RUNYAN Trevor (USA),BERTIN Christophe
US Open Fort Lauderdale 2005,2005-07-07,BERTIN Christophe,GATICA Hector,4,0,"11,11,11,11|3,6,8,3",3,GRAND_SLAM,MS,1739,Qualification,BERTIN Christophe (FRA),GATICA Hector (GUA),BERTIN Christophe
US Open Fort Lauderdale 2005,2005-07-07,CHIU Peter,DUBINA Samson,4,3,"5,11,11,11,8,6,11|11,5,2,6,11,11,2",,GRAND_SLAM,MS,1739,Qualification,CHIU Peter (CAN),DUBINA Samson (USA),CHIU Peter
US Open Fort Lauderdale 2005,2005-07-07,CHO Eonrae,DUBINA Samson,4,0,"11,11,11,11|4,7,8,5",QR2,GRAND_SLAM,MS,1739,Qualification,CHO Eonrae (KOR),DUBINA Samson (USA),CHO Eonrae
US Open Fort Lauderdale 2005,2005-07-07,CHO Eonrae,CHIU Peter,4,1,"11,11,11,8,11|6,4,5,11,6",3,GRAND_SLAM,MS,1739,Qualification,CHO Eonrae (KOR),CHIU Peter (CAN),CHO Eonrae
US Open Fort Lauderdale 2005,2005-07-07,SORENSEN Mads,KIM Bong Geun,4,0,"11,11,11,11|9,9,7,9",QR2,GRAND_SLAM,MS,1739,Qualification,SORENSEN Mads (DEN),KIM Bong Geun (USA),SORENSEN Mads
US Open Fort Lauderdale 2005,2005-07-07,ACHANTA Sharath,REED Barney,4,0,"11,11,11,11|8,9,6,6",QR2,GRAND_SLAM,MS,1739,Qualification,ACHANTA Sharath (IND),REED Barney (USA),ACHANTA Sharath
US Open Fort Lauderdale 2005,2005-07-07,SVENSSON Robert,NGUYEN Anh,4,0,"11,11,11,11|4,8,6,6",QR2,GRAND_SLAM,MS,1739,Qualification,SVENSSON Robert (SWE),NGUYEN Anh (USA),SVENSSON Robert
US Open Fort Lauderdale 2005,2005-07-07,GOMBOS Ludovic,GUO Peng,4,0,"11,11,11,11|2,9,9,6",,GRAND_SLAM,MS,1739,Qualification,GOMBOS Ludovic (USA),GUO Peng (CAN),GOMBOS Ludovic
US Open Fort Lauderdale 2005,2005-07-07,ROBERTSON Adam,GOMBOS Ludovic,4,1,"11,12,11,12,11|3,10,8,14,0",QR2,GRAND_SLAM,MS,1739,Qualification,ROBERTSON Adam (WAL),GOMBOS Ludovic (USA),ROBERTSON Adam
US Open Fort Lauderdale 2005,2005-07-07,ROBERTSON Adam,GUO Peng,4,0,"12,11,12,12|10,7,10,10",3,GRAND_SLAM,MS,1739,Qualification,ROBERTSON Adam (WAL),GUO Peng (CAN),ROBERTSON Adam
US Open Fort Lauderdale 2005,2005-07-07,HINSE Pierre-Luc,SHAO Yu,4,1,"11,11,6,11,11|9,9,11,8,7",,GRAND_SLAM,MS,1739,Qualification,HINSE Pierre-Luc (CAN),SHAO Yu (USA),HINSE Pierre-Luc
US Open Fort Lauderdale 2005,2005-07-07,YOO Changjae,SHAO Yu,4,1,"11,11,11,11,12|3,13,6,7,10",QR2,GRAND_SLAM,MS,1739,Qualification,YOO Changjae (KOR),SHAO Yu (USA),YOO Changjae
US Open Fort Lauderdale 2005,2005-07-07,YOO Changjae,HINSE Pierre-Luc,4,1,"3,11,11,11,11|11,8,7,7,9",3,GRAND_SLAM,MS,1739,Qualification,YOO Changjae (KOR),HINSE Pierre-Luc (CAN),YOO Changjae
US Open Fort Lauderdale 2005,2005-07-07,SHEN Qiang,HUANG Jeff,4,0,"11,11,11,11|9,7,4,6",,GRAND_SLAM,MS,1739,Qualification,SHEN Qiang (CAN),HUANG Jeff (USA),SHEN Qiang
US Open Fort Lauderdale 2005,2005-07-07,TAKAKIWA Kenichi,HUANG Jeff,4,0,"11,12,11,11|5,10,9,5",QR2,GRAND_SLAM,MS,1739,Qualification,TAKAKIWA Kenichi (JPN),HUANG Jeff (USA),TAKAKIWA Kenichi
US Open Fort Lauderdale 2005,2005-07-07,TAKAKIWA Kenichi,SHEN Qiang,4,1,"11,11,9,12,11|7,9,11,10,9",3,GRAND_SLAM,MS,1739,Qualification,TAKAKIWA Kenichi (JPN),SHEN Qiang (CAN),TAKAKIWA Kenichi
US Open Fort Lauderdale 2005,2005-07-07,HUGH Adam,WATSON Kane,4,1,"11,11,11,9,12|6,3,4,11,10",,GRAND_SLAM,MS,1739,Qualification,HUGH Adam (USA),WATSON Kane (JAM),HUGH Adam
US Open Fort Lauderdale 2005,2005-07-07,ROY Soumyadeep,WATSON Kane,4,0,"11,11,11,11|4,7,2,6",QR2,GRAND_SLAM,MS,1739,Qualification,ROY Soumyadeep (IND),WATSON Kane (JAM),ROY Soumyadeep
US Open Fort Lauderdale 2005,2005-07-07,ROY Soumyadeep,HUGH Adam,4,3,"9,8,11,12,11,10,11|11,11,8,10,7,12,8",3,GRAND_SLAM,MS,1739,Qualification,ROY Soumyadeep (IND),HUGH Adam (USA),ROY Soumyadeep
US Open Fort Lauderdale 2005,2005-07-07,MATSUMOTO Cazuo,THERIEN Xavier,4,1,"8,11,11,11,12|11,8,8,6,10",3,GRAND_SLAM,MS,1739,Qualification,MATSUMOTO Cazuo (BRA),THERIEN Xavier (CAN),MATSUMOTO Cazuo
US Open Fort Lauderdale 2005,2005-07-07,KAMKAR-PARSI Homayoun,GREEN Wally,4,1,"8,11,11,11,11|11,9,5,2,1",,GRAND_SLAM,MS,1739,Qualification,KAMKAR-PARSI Homayoun (CAN),GREEN Wally (USA),KAMKAR-PARSI Homayoun
US Open Fort Lauderdale 2005,2005-07-07,DURAN Marc,KAMKAR-PARSI Homayoun,4,0,"12,11,11,11|10,5,5,5",3,GRAND_SLAM,MS,1739,Qualification,DURAN Marc (ESP),KAMKAR-PARSI Homayoun (CAN),DURAN Marc
US Open Fort Lauderdale 2005,2005-07-07,FLORES Omar,WANG Jia Chen David,4,1,"3,11,11,11,11|11,8,7,9,9",,GRAND_SLAM,MS,1739,Qualification,FLORES Omar (GUA),WANG Jia Chen David (USA),FLORES Omar
US Open Fort Lauderdale 2005,2005-07-07,DESPRES Rodolphe,FLORES Omar,4,1,"11,9,11,11,11|7,11,6,7,4",3,GRAND_SLAM,MS,1739,Qualification,DESPRES Rodolphe (FRA),FLORES Omar (GUA),DESPRES Rodolphe
US Open Fort Lauderdale 2005,2005-07-07,MEHTA Pathik,ROSENZWEIG David,4,0,"11,11,11,11|5,7,6,6",,GRAND_SLAM,MS,1739,Qualification,MEHTA Pathik (IND),ROSENZWEIG David (USA),MEHTA Pathik
US Open Fort Lauderdale 2005,2005-07-07,CHRIST Nico,ROSENZWEIG David,4,0,"11,11,11,11|5,4,6,4",QR2,GRAND_SLAM,MS,1739,Qualification,CHRIST Nico (GER),ROSENZWEIG David (USA),CHRIST Nico
US Open Fort Lauderdale 2005,2005-07-07,CHRIST Nico,MEHTA Pathik,4,1,"11,11,7,16,11|6,6,11,14,9",3,GRAND_SLAM,MS,1739,Qualification,CHRIST Nico (GER),MEHTA Pathik (IND),CHRIST Nico
US Open Fort Lauderdale 2005,2005-07-07,PAPADIMITRIOU Dimitrios,NGUYEN Steve,4,0,"11,11,11,12|9,8,8,10",,GRAND_SLAM,MS,1739,Qualification,PAPADIMITRIOU Dimitrios (GRE),NGUYEN Steve (USA),PAPADIMITRIOU Dimitrios
US Open Fort Lauderdale 2005,2005-07-07,KONGSGAARD Christian,NGUYEN Steve,4,2,"10,12,11,11,11,11|12,14,9,5,5,4",QR2,GRAND_SLAM,MS,1739,Qualification,KONGSGAARD Christian (DEN),NGUYEN Steve (USA),KONGSGAARD Christian
US Open Fort Lauderdale 2005,2005-07-07,KONGSGAARD Christian,PAPADIMITRIOU Dimitrios,4,1,"7,11,11,15,11|11,5,6,13,6",3,GRAND_SLAM,MS,1739,Qualification,KONGSGAARD Christian (DEN),PAPADIMITRIOU Dimitrios (GRE),KONGSGAARD Christian
US Open Fort Lauderdale 2005,2005-07-07,CHO Jihoon,PERSSON Jon,4,3,"11,6,4,13,11,10,11|5,11,11,11,5,12,8",,GRAND_SLAM,MS,1739,Qualification,CHO Jihoon (KOR),PERSSON Jon (SWE),CHO Jihoon
US Open Fort Lauderdale 2005,2005-07-07,CHO Jihoon,TSUBOI Gustavo,4,2,"11,11,10,11,7,11|6,4,12,3,11,7",QR2,GRAND_SLAM,MS,1739,Qualification,CHO Jihoon (KOR),TSUBOI Gustavo (BRA),CHO Jihoon
US Open Fort Lauderdale 2005,2005-07-07,TSUBOI Gustavo,PERSSON Jon,4,2,"11,6,11,11,11,11|7,11,6,6,13,8",3,GRAND_SLAM,MS,1739,Qualification,TSUBOI Gustavo (BRA),PERSSON Jon (SWE),TSUBOI Gustavo
US Open Fort Lauderdale 2005,2005-07-07,KASSAM Faazil,MAECK Anthony,4,1,"11,4,11,11,11|9,11,7,3,8",3,GRAND_SLAM,MS,1739,Qualification,KASSAM Faazil (CAN),MAECK Anthony (BEL),KASSAM Faazil
US Open Fort Lauderdale 2005,2005-07-07,SAHA Subhajit,ELENSKY Gregory,4,2,"7,11,11,6,13,11|11,8,7,11,11,8",,GRAND_SLAM,MS,1739,Qualification,SAHA Subhajit (IND),ELENSKY Gregory (ISR),SAHA Subhajit
US Open Fort Lauderdale 2005,2005-07-07,ELENSKY Gregory,BALL Andreas,4,2,"11,8,11,8,11,11|5,11,8,11,7,4",QR2,GRAND_SLAM,MS,1739,Qualification,ELENSKY Gregory (ISR),BALL Andreas (GER),ELENSKY Gregory
US Open Fort Lauderdale 2005,2005-07-07,SAHA Subhajit,BALL Andreas,4,1,"11,11,11,7,11|8,4,7,11,8",3,GRAND_SLAM,MS,1739,Qualification,SAHA Subhajit (IND),BALL Andreas (GER),SAHA Subhajit
US Open Fort Lauderdale 2005,2005-07-07,PETER-PAUL Pradeeban,DOMANIKU Besart,4,0,"16,11,11,11|14,4,6,5",,GRAND_SLAM,MS,1739,Qualification,PETER-PAUL Pradeeban (CAN),DOMANIKU Besart (KOS),PETER-PAUL Pradeeban
US Open Fort Lauderdale 2005,2005-07-07,HAZINSKI Mark,DOMANIKU Besart,4,0,"11,11,11,11|4,5,3,2",QR4,GRAND_SLAM,MS,1739,Qualification,HAZINSKI Mark (USA),DOMANIKU Besart (KOS),HAZINSKI Mark
US Open Fort Lauderdale 2005,2005-07-07,PETER-PAUL Pradeeban,HAZINSKI Mark,4,2,"11,11,11,6,3,11|7,7,8,11,11,7",5,GRAND_SLAM,MS,1739,Qualification,PETER-PAUL Pradeeban (CAN),HAZINSKI Mark (USA),PETER-PAUL Pradeeban
US Open Fort Lauderdale 2005,2005-07-07,PETERSEN Christoffer,CITAKU Nehat,4,0,"11,11,11,11|0,4,3,6",,GRAND_SLAM,MS,1739,Qualification,PETERSEN Christoffer (DEN),CITAKU Nehat (KOS),PETERSEN Christoffer
US Open Fort Lauderdale 2005,2005-07-07,JOHNSON Ben,RAMIREZ Jose Miguel,4,2,"11,8,9,11,11,11|2,11,11,6,8,4",QR2,GRAND_SLAM,MS,1739,Qualification,JOHNSON Ben (WAL),RAMIREZ Jose Miguel (GUA),JOHNSON Ben
US Open Fort Lauderdale 2005,2005-07-07,PETERSEN Christoffer,JOHNSON Ben,4,1,"11,11,12,2,11|7,5,10,11,7",3,GRAND_SLAM,MS,1739,Qualification,PETERSEN Christoffer (DEN),JOHNSON Ben (WAL),PETERSEN Christoffer
US Open Fort Lauderdale 2005,2005-07-07,RAMIREZ Jose Miguel,CITAKU Nehat,4,0,"11,11,11,11|9,7,2,8",QR4,GRAND_SLAM,MS,1739,Qualification,RAMIREZ Jose Miguel (GUA),CITAKU Nehat (KOS),RAMIREZ Jose Miguel
US Open Fort Lauderdale 2005,2005-07-07,PETERSEN Christoffer,RAMIREZ Jose Miguel,4,2,"11,8,12,6,11,11|9,11,10,11,7,9",5,GRAND_SLAM,MS,1739,Qualification,PETERSEN Christoffer (DEN),RAMIREZ Jose Miguel (GUA),PETERSEN Christoffer
US Open Fort Lauderdale 2005,2005-07-07,JOHNSON Ben,CITAKU Nehat,4,0,"11,11,11,11|4,2,3,8",6,GRAND_SLAM,MS,1739,Qualification,JOHNSON Ben (WAL),CITAKU Nehat (KOS),JOHNSON Ben
US Open Fort Lauderdale 2005,2005-07-07,VOSTES Yannick,HASANI Astrit,4,0,"11,11,11,11|4,5,8,5",,GRAND_SLAM,MS,1739,Qualification,VOSTES Yannick (BEL),HASANI Astrit (KOS),VOSTES Yannick
US Open Fort Lauderdale 2005,2005-07-07,ROSNER Benjamin,DAVID Paul,4,0,"11,11,11,13|5,5,6,11",QR2,GRAND_SLAM,MS,1739,Qualification,ROSNER Benjamin (GER),DAVID Paul (GUY),ROSNER Benjamin
US Open Fort Lauderdale 2005,2005-07-07,VOSTES Yannick,DAVID Paul,4,0,"15,14,11,11|13,12,8,6",3,GRAND_SLAM,MS,1739,Qualification,VOSTES Yannick (BEL),DAVID Paul (GUY),VOSTES Yannick
US Open Fort Lauderdale 2005,2005-07-07,ROSNER Benjamin,HASANI Astrit,4,0,"11,11,11,11|4,3,6,9",QR4,GRAND_SLAM,MS,1739,Qualification,ROSNER Benjamin (GER),HASANI Astrit (KOS),ROSNER Benjamin
US Open Fort Lauderdale 2005,2005-07-07,VOSTES Yannick,ROSNER Benjamin,4,3,"11,10,7,11,12,5,12|3,12,11,8,10,11,10",5,GRAND_SLAM,MS,1739,Qualification,VOSTES Yannick (BEL),ROSNER Benjamin (GER),VOSTES Yannick
US Open Fort Lauderdale 2005,2005-07-07,DAVID Paul,HASANI Astrit,4,0,"12,11,11,11|10,4,4,4",6,GRAND_SLAM,MS,1739,Qualification,DAVID Paul (GUY),HASANI Astrit (KOS),DAVID Paul
US Open Fort Lauderdale 2005,2005-07-07,ROBERTSON Adam,STRACHAN Darryl,3,0,"13,11,11|11,8,7",QR2,GRAND_SLAM,U21MS,1739,Qualification,ROBERTSON Adam (WAL),STRACHAN Darryl (JAM),ROBERTSON Adam
US Open Fort Lauderdale 2005,2005-07-07,WATSON Kane,JARRIN David,3,0,"11,14,11|7,12,7",,GRAND_SLAM,U21MS,1739,Qualification,WATSON Kane (JAM),JARRIN David (USA),WATSON Kane
US Open Fort Lauderdale 2005,2005-07-07,TAKAKIWA Kenichi,WATSON Kane,3,0,"11,11,11|9,6,9",QR2,GRAND_SLAM,U21MS,1739,Qualification,TAKAKIWA Kenichi (JPN),WATSON Kane (JAM),TAKAKIWA Kenichi
US Open Fort Lauderdale 2005,2005-07-07,CHO Jihoon,COCHRAN Joseph,3,0,"11,11,11|5,7,6",,GRAND_SLAM,U21MS,1739,Qualification,CHO Jihoon (KOR),COCHRAN Joseph (USA),CHO Jihoon
US Open Fort Lauderdale 2005,2005-07-07,MATSUMOTO Cazuo,CHO Jihoon,3,2,"8,11,8,11,11|11,8,11,9,8",QR2,GRAND_SLAM,U21MS,1739,Qualification,MATSUMOTO Cazuo (BRA),CHO Jihoon (KOR),MATSUMOTO Cazuo
US Open Fort Lauderdale 2005,2005-07-07,MATSUMOTO Cazuo,COCHRAN Joseph,3,0,"11,11,11|2,9,5",3,GRAND_SLAM,U21MS,1739,Qualification,MATSUMOTO Cazuo (BRA),COCHRAN Joseph (USA),MATSUMOTO Cazuo
US Open Fort Lauderdale 2005,2005-07-07,GATICA Hector,LEACH John,3,1,"11,11,10,12|9,4,12,10",,GRAND_SLAM,U21MS,1739,Qualification,GATICA Hector (GUA),LEACH John (USA),GATICA Hector
US Open Fort Lauderdale 2005,2005-07-07,DURAN Marc,LEACH John,3,0,"11,11,11|7,7,6",QR2,GRAND_SLAM,U21MS,1739,Qualification,DURAN Marc (ESP),LEACH John (USA),DURAN Marc
US Open Fort Lauderdale 2005,2005-07-07,DURAN Marc,GATICA Hector,3,0,"11,11,11|1,8,7",3,GRAND_SLAM,U21MS,1739,Qualification,DURAN Marc (ESP),GATICA Hector (GUA),DURAN Marc
US Open Fort Lauderdale 2005,2005-07-07,CHIU Peter,MAST Michael,3,0,"11,11,11|6,3,1",,GRAND_SLAM,U21MS,1739,Qualification,CHIU Peter (CAN),MAST Michael (USA),CHIU Peter
US Open Fort Lauderdale 2005,2005-07-07,DESPRES Rodolphe,MAST Michael,3,0,"11,11,11|4,2,4",QR2,GRAND_SLAM,U21MS,1739,Qualification,DESPRES Rodolphe (FRA),MAST Michael (USA),DESPRES Rodolphe
US Open Fort Lauderdale 2005,2005-07-07,DESPRES Rodolphe,CHIU Peter,3,1,"9,11,12,11|11,9,10,8",3,GRAND_SLAM,U21MS,1739,Qualification,DESPRES Rodolphe (FRA),CHIU Peter (CAN),DESPRES Rodolphe
US Open Fort Lauderdale 2005,2005-07-07,TSUBOI Gustavo,GUO Peng,3,2,"4,11,11,11,11|11,4,4,13,6",3,GRAND_SLAM,U21MS,1739,Qualification,TSUBOI Gustavo (BRA),GUO Peng (CAN),TSUBOI Gustavo
US Open Fort Lauderdale 2005,2005-07-07,KASSAM Faazil,FARLEY Kevin,3,1,"11,8,11,11|7,11,6,2",3,GRAND_SLAM,U21MS,1739,Qualification,KASSAM Faazil (CAN),FARLEY Kevin (BAR),KASSAM Faazil
US Open Fort Lauderdale 2005,2005-07-07,HINSE Pierre-Luc,RUNYAN Trevor,3,0,"11,12,11|3,10,5",,GRAND_SLAM,U21MS,1739,Qualification,HINSE Pierre-Luc (CAN),RUNYAN Trevor (USA),HINSE Pierre-Luc
US Open Fort Lauderdale 2005,2005-07-07,BALL Andreas,RUNYAN Trevor,3,0,"11,11,11|4,5,3",QR2,GRAND_SLAM,U21MS,1739,Qualification,BALL Andreas (GER),RUNYAN Trevor (USA),BALL Andreas
US Open Fort Lauderdale 2005,2005-07-07,BALL Andreas,HINSE Pierre-Luc,3,0,"11,11,11|7,6,6",3,GRAND_SLAM,U21MS,1739,Qualification,BALL Andreas (GER),HINSE Pierre-Luc (CAN),BALL Andreas
US Open Fort Lauderdale 2005,2005-07-07,VOSTES Yannick,SHEN Qiang,3,1,"11,11,9,11|9,7,11,6",3,GRAND_SLAM,U21MS,1739,Qualification,VOSTES Yannick (BEL),SHEN Qiang (CAN),VOSTES Yannick
US Open Fort Lauderdale 2005,2005-07-07,ELENSKY Gregory,HUGH Adam,3,1,"11,12,11,11|6,14,4,4",,GRAND_SLAM,U21MS,1739,Qualification,ELENSKY Gregory (ISR),HUGH Adam (USA),ELENSKY Gregory
US Open Fort Lauderdale 2005,2005-07-07,ELENSKY Gregory,ROSNER Benjamin,3,0,"11,11,11|6,6,6",QR2,GRAND_SLAM,U21MS,1739,Qualification,ELENSKY Gregory (ISR),ROSNER Benjamin (GER),ELENSKY Gregory
US Open Fort Lauderdale 2005,2005-07-07,ROSNER Benjamin,HUGH Adam,3,1,"11,11,5,11|2,9,11,4",3,GRAND_SLAM,U21MS,1739,Qualification,ROSNER Benjamin (GER),HUGH Adam (USA),ROSNER Benjamin
US Open Fort Lauderdale 2005,2005-07-07,PERSSON Jon,MEHTA Pathik,3,1,"11,11,3,11|7,9,11,5",5,GRAND_SLAM,U21MS,1739,Qualification,PERSSON Jon (SWE),MEHTA Pathik (IND),PERSSON Jon
US Open Fort Lauderdale 2005,2005-07-07,OYA Hidetoshi,YOKOYAMA Yuichi,3,1,"11,6,11,11|6,11,4,6",QR8,GRAND_SLAM,U21MS,1739,Qualification,OYA Hidetoshi (JPN),YOKOYAMA Yuichi (JPN),OYA Hidetoshi
US Open Fort Lauderdale 2005,2005-07-07,GACINA Andrej,JIANG Tianyi,3,1,"11,5,11,11|3,11,3,3",QR8,GRAND_SLAM,U21MS,1739,Qualification,GACINA Andrej (CRO),JIANG Tianyi (HKG),GACINA Andrej
US Open Fort Lauderdale 2005,2005-07-07,VLASOV Grigory,VOSTES Yannick,3,1,"4,13,12,11|11,11,10,6",QR8,GRAND_SLAM,U21MS,1739,Qualification,VLASOV Grigory (RUS),VOSTES Yannick (BEL),VLASOV Grigory
US Open Fort Lauderdale 2005,2005-07-07,KLEPRLIK Jakub,BALL Andreas,3,1,"11,8,11,11|6,11,7,8",QR8,GRAND_SLAM,U21MS,1739,Qualification,KLEPRLIK Jakub (CZE),BALL Andreas (GER),KLEPRLIK Jakub
US Open Fort Lauderdale 2005,2005-07-07,SEREDA Peter,KASSAM Faazil,4,1,"11,11,13,4,11|8,8,11,11,9",R16,GRAND_SLAM,U21MS,1739,Main Draw,SEREDA Peter (SVK),KASSAM Faazil (CAN),SEREDA Peter
US Open Fort Lauderdale 2005,2005-07-07,BERTIN Christophe,TAKAKIWA Kenichi,4,2,"11,11,5,5,11,11|5,9,11,11,4,8",R16,GRAND_SLAM,U21MS,1739,Main Draw,BERTIN Christophe (FRA),TAKAKIWA Kenichi (JPN),BERTIN Christophe
US Open Fort Lauderdale 2005,2005-07-07,KIM Taehoon,ROBERTSON Adam,4,1,"11,11,11,8,11|6,8,4,11,8",R16,GRAND_SLAM,U21MS,1739,Main Draw,KIM Taehoon (KOR),ROBERTSON Adam (WAL),KIM Taehoon
US Open Fort Lauderdale 2005,2005-07-07,BOBILLIER Loic,TSUBOI Gustavo,4,1,"11,11,11,11,11|8,13,3,9,5",R16,GRAND_SLAM,U21MS,1739,Main Draw,BOBILLIER Loic (FRA),TSUBOI Gustavo (BRA),BOBILLIER Loic
US Open Fort Lauderdale 2005,2005-07-07,CHO Eonrae,LO Dany,4,0,"11,11,11,11|6,7,7,8",R16,GRAND_SLAM,U21MS,1739,Main Draw,CHO Eonrae (KOR),LO Dany (FRA),CHO Eonrae
US Open Fort Lauderdale 2005,2005-07-07,AXELQVIST Johan,DURAN Marc,4,3,"8,11,9,11,11,9,11|11,9,11,8,8,11,8",R16,GRAND_SLAM,U21MS,1739,Main Draw,AXELQVIST Johan (SWE),DURAN Marc (ESP),AXELQVIST Johan
US Open Fort Lauderdale 2005,2005-07-07,LEE Jinkwon,VOSTES Yannick,4,3,"11,4,9,11,8,11,12|6,11,11,7,11,8,10",R16,GRAND_SLAM,U21MS,1739,Main Draw,LEE Jinkwon (KOR),VOSTES Yannick (BEL),LEE Jinkwon
US Open Fort Lauderdale 2005,2005-07-07,PISTEJ Lubomir,MATSUMOTO Cazuo,4,3,"5,11,9,12,8,11,11|11,9,11,10,11,7,7",R16,GRAND_SLAM,U21MS,1739,Main Draw,PISTEJ Lubomir (SVK),MATSUMOTO Cazuo (BRA),PISTEJ Lubomir
US Open Fort Lauderdale 2005,2005-07-07,SEREDA Peter,BERTIN Christophe,4,1,"11,8,11,11,11|2,11,9,7,5",QF,GRAND_SLAM,U21MS,1739,Main Draw,SEREDA Peter (SVK),BERTIN Christophe (FRA),SEREDA Peter
US Open Fort Lauderdale 2005,2005-07-07,KIM Taehoon,BOBILLIER Loic,4,0,"11,11,11,11|9,9,9,7",QF,GRAND_SLAM,U21MS,1739,Main Draw,KIM Taehoon (KOR),BOBILLIER Loic (FRA),KIM Taehoon
US Open Fort Lauderdale 2005,2005-07-07,CHO Eonrae,AXELQVIST Johan,4,1,"12,11,11,12,12|14,9,9,10,10",QF,GRAND_SLAM,U21MS,1739,Main Draw,CHO Eonrae (KOR),AXELQVIST Johan (SWE),CHO Eonrae
US Open Fort Lauderdale 2005,2005-07-07,PISTEJ Lubomir,LEE Jinkwon,4,3,"9,11,11,6,11,11,11|11,8,13,11,7,3,7",QF,GRAND_SLAM,U21MS,1739,Main Draw,PISTEJ Lubomir (SVK),LEE Jinkwon (KOR),PISTEJ Lubomir
US Open Fort Lauderdale 2005,2005-07-07,KIM Taehoon,SEREDA Peter,4,1,"11,11,11,11,14|13,8,8,8,12",SF,GRAND_SLAM,U21MS,1739,Main Draw,KIM Taehoon (KOR),SEREDA Peter (SVK),KIM Taehoon
US Open Fort Lauderdale 2005,2005-07-07,CHO Eonrae,PISTEJ Lubomir,4,3,"12,11,8,11,3,7,11|10,7,11,7,11,11,9",SF,GRAND_SLAM,U21MS,1739,Main Draw,CHO Eonrae (KOR),PISTEJ Lubomir (SVK),CHO Eonrae
US Open Fort Lauderdale 2005,2005-07-07,CHO Eonrae,KIM Taehoon,4,1,"11,9,11,11,11|9,11,6,7,7",F,GRAND_SLAM,U21MS,1739,Main Draw,CHO Eonrae (KOR),KIM Taehoon (KOR),CHO Eonrae
US Open Fort Lauderdale 2005,2005-07-07,TIE Yana,KIM Soongsil,4,1,"11,15,8,11,11|6,13,11,5,4",R32,GRAND_SLAM,WS,1739,Main Draw,TIE Yana (HKG),KIM Soongsil (KOR),TIE Yana
US Open Fort Lauderdale 2005,2005-07-07,LEE Eunhee,LANG Kristin,4,0,"11,12,11,11|9,10,8,1",R32,GRAND_SLAM,WS,1739,Main Draw,LEE Eunhee (KOR),LANG Kristin (GER),LEE Eunhee
US Open Fort Lauderdale 2005,2005-07-07,FUJII Hiroko,STRBIKOVA Renata,4,3,"11,11,11,7,7,8,11|8,9,8,11,11,11,8",R32,GRAND_SLAM,WS,1739,Main Draw,FUJII Hiroko (JPN),STRBIKOVA Renata (CZE),FUJII Hiroko
US Open Fort Lauderdale 2005,2005-07-07,GAO Jun,KIM Junghyun,4,2,"11,4,11,11,11,11|3,11,5,13,2,9",R32,GRAND_SLAM,WS,1739,Main Draw,GAO Jun (USA),KIM Junghyun (KOR),GAO Jun
US Open Fort Lauderdale 2005,2005-07-07,SONG Ah Sim,TASEI Mikie,4,1,"11,11,8,11,11|8,9,11,8,3",R32,GRAND_SLAM,WS,1739,Main Draw,SONG Ah Sim (HKG),TASEI Mikie (JPN),SONG Ah Sim
US Open Fort Lauderdale 2005,2005-07-07,HIURA Reiko,STRUSE Nicole,4,0,"11,11,11,11|7,6,4,9",R32,GRAND_SLAM,WS,1739,Main Draw,HIURA Reiko (JPN),STRUSE Nicole (GER),HIURA Reiko
US Open Fort Lauderdale 2005,2005-07-07,KIM Bokrae,ZHANG Xueling,4,3,"11,11,10,12,13,8,11|8,7,12,10,15,11,7",R32,GRAND_SLAM,WS,1739,Main Draw,KIM Bokrae (KOR),ZHANG Xueling (SGP),KIM Bokrae
US Open Fort Lauderdale 2005,2005-07-07,WANG Yuegu,KIM Kyungah,4,2,"11,9,11,13,11,11|9,11,9,15,9,6",R32,GRAND_SLAM,WS,1739,Main Draw,WANG Yuegu (SGP),KIM Kyungah (KOR),WANG Yuegu
US Open Fort Lauderdale 2005,2005-07-07,LAU Sui Fei,PARK Miyoung,4,2,"11,8,6,11,11,11|5,11,11,7,5,3",R32,GRAND_SLAM,WS,1739,Main Draw,LAU Sui Fei (HKG),PARK Miyoung (KOR),LAU Sui Fei
US Open Fort Lauderdale 2005,2005-07-07,MOON Hyunjung,TAN Paey Fern,4,0,"11,11,11,11|8,2,9,8",R32,GRAND_SLAM,WS,1739,Main Draw,MOON Hyunjung (KOR),TAN Paey Fern (SGP),MOON Hyunjung
US Open Fort Lauderdale 2005,2005-07-07,SUN Beibei,LOVAS Petra,4,1,"6,11,11,11,11|11,6,4,9,5",R32,GRAND_SLAM,WS,1739,Main Draw,SUN Beibei (SGP),LOVAS Petra (HUN),SUN Beibei
US Open Fort Lauderdale 2005,2005-07-07,LI Jiao,ROBERTSON Laura,4,1,"7,11,11,11,11|11,7,8,4,4",R32,GRAND_SLAM,WS,1739,Main Draw,LI Jiao (NED),ROBERTSON Laura (GER),LI Jiao
US Open Fort Lauderdale 2005,2005-07-07,ZHANG Rui,JEON Hyekyung,4,3,"7,11,11,11,7,6,11|11,8,7,7,11,11,8",R32,GRAND_SLAM,WS,1739,Main Draw,ZHANG Rui (HKG),JEON Hyekyung (KOR),ZHANG Rui
US Open Fort Lauderdale 2005,2005-07-07,HIRANO Sayaka,KERTAI Rita,4,0,"12,11,11,11|10,5,6,5",R32,GRAND_SLAM,WS,1739,Main Draw,HIRANO Sayaka (JPN),KERTAI Rita (HUN),HIRANO Sayaka
US Open Fort Lauderdale 2005,2005-07-07,SCHALL Elke,KIM Hyehyun,4,3,"11,7,11,11,7,9,11|4,11,9,6,11,11,6",R32,GRAND_SLAM,WS,1739,Main Draw,SCHALL Elke (GER),KIM Hyehyun (KOR),SCHALL Elke
US Open Fort Lauderdale 2005,2005-07-07,LI Jiawei,KIM Minhee (YOB=1985),4,1,"11,7,11,11,11|3,11,4,3,2",R32,GRAND_SLAM,WS,1739,Main Draw,LI Jiawei (SGP),KIM Minhee (YOB=1985) (KOR),LI Jiawei
US Open Fort Lauderdale 2005,2005-07-07,TIE Yana,LEE Eunhee,4,0,"11,11,11,11|8,7,7,7",R16,GRAND_SLAM,WS,1739,Main Draw,TIE Yana (HKG),LEE Eunhee (KOR),TIE Yana
US Open Fort Lauderdale 2005,2005-07-07,GAO Jun,FUJII Hiroko,4,2,"9,4,11,11,12,13|11,11,7,7,10,11",R16,GRAND_SLAM,WS,1739,Main Draw,GAO Jun (USA),FUJII Hiroko (JPN),GAO Jun
US Open Fort Lauderdale 2005,2005-07-07,SONG Ah Sim,HIURA Reiko,4,3,"11,11,7,8,9,11,11|7,9,11,11,11,7,8",R16,GRAND_SLAM,WS,1739,Main Draw,SONG Ah Sim (HKG),HIURA Reiko (JPN),SONG Ah Sim
US Open Fort Lauderdale 2005,2005-07-07,WANG Yuegu,KIM Bokrae,4,2,"12,11,9,9,11,11|10,4,11,11,8,7",R16,GRAND_SLAM,WS,1739,Main Draw,WANG Yuegu (SGP),KIM Bokrae (KOR),WANG Yuegu
US Open Fort Lauderdale 2005,2005-07-07,LAU Sui Fei,MOON Hyunjung,4,1,"11,11,11,4,12|9,8,3,11,10",R16,GRAND_SLAM,WS,1739,Main Draw,LAU Sui Fei (HKG),MOON Hyunjung (KOR),LAU Sui Fei
US Open Fort Lauderdale 2005,2005-07-07,LI Jiao,SUN Beibei,4,2,"3,11,11,11,11,11|11,7,13,9,9,9",R16,GRAND_SLAM,WS,1739,Main Draw,LI Jiao (NED),SUN Beibei (SGP),LI Jiao
US Open Fort Lauderdale 2005,2005-07-07,ZHANG Rui,HIRANO Sayaka,4,0,"11,11,11,12|7,5,7,10",R16,GRAND_SLAM,WS,1739,Main Draw,ZHANG Rui (HKG),HIRANO Sayaka (JPN),ZHANG Rui
US Open Fort Lauderdale 2005,2005-07-07,LI Jiawei,SCHALL Elke,4,0,"11,11,11,11|5,5,8,5",R16,GRAND_SLAM,WS,1739,Main Draw,LI Jiawei (SGP),SCHALL Elke (GER),LI Jiawei
US Open Fort Lauderdale 2005,2005-07-07,TIE Yana,GAO Jun,4,0,"11,11,11,11|4,4,7,9",QF,GRAND_SLAM,WS,1739,Main Draw,TIE Yana (HKG),GAO Jun (USA),TIE Yana
US Open Fort Lauderdale 2005,2005-07-07,WANG Yuegu,SONG Ah Sim,4,1,"11,11,11,11,11|6,5,13,8,7",QF,GRAND_SLAM,WS,1739,Main Draw,WANG Yuegu (SGP),SONG Ah Sim (HKG),WANG Yuegu
US Open Fort Lauderdale 2005,2005-07-07,LAU Sui Fei,LI Jiao,4,2,"11,7,6,11,11,11|7,11,11,7,9,7",QF,GRAND_SLAM,WS,1739,Main Draw,LAU Sui Fei (HKG),LI Jiao (NED),LAU Sui Fei
US Open Fort Lauderdale 2005,2005-07-07,LI Jiawei,ZHANG Rui,4,1,"11,14,12,11,11|4,16,10,8,5",QF,GRAND_SLAM,WS,1739,Main Draw,LI Jiawei (SGP),ZHANG Rui (HKG),LI Jiawei
US Open Fort Lauderdale 2005,2005-07-07,TIE Yana,WANG Yuegu,4,1,"11,10,11,11,11|7,12,8,4,7",SF,GRAND_SLAM,WS,1739,Main Draw,TIE Yana (HKG),WANG Yuegu (SGP),TIE Yana
US Open Fort Lauderdale 2005,2005-07-07,LI Jiawei,LAU Sui Fei,4,1,"11,8,11,11,14|4,11,5,2,12",SF,GRAND_SLAM,WS,1739,Main Draw,LI Jiawei (SGP),LAU Sui Fei (HKG),LI Jiawei
US Open Fort Lauderdale 2005,2005-07-07,LI Jiawei,TIE Yana,4,0,"11,11,11,11|3,4,6,8",F,GRAND_SLAM,WS,1739,Main Draw,LI Jiawei (SGP),TIE Yana (HKG),LI Jiawei
US Open Fort Lauderdale 2005,2005-07-07,BOSIKA Mimi,MEDINA Zzwitjhallim,4,0,"11,12,11,11|7,10,7,6",,GRAND_SLAM,WS,1739,Qualification,BOSIKA Mimi (USA),MEDINA Zzwitjhallim (HON),BOSIKA Mimi
US Open Fort Lauderdale 2005,2005-07-07,FUJII Hiroko,MEDINA Zzwitjhallim,4,0,"11,11,11,11|3,7,6,3",QR2,GRAND_SLAM,WS,1739,Qualification,FUJII Hiroko (JPN),MEDINA Zzwitjhallim (HON),FUJII Hiroko
US Open Fort Lauderdale 2005,2005-07-07,FUJII Hiroko,BOSIKA Mimi,4,0,"11,11,12,11|6,5,10,8",3,GRAND_SLAM,WS,1739,Qualification,FUJII Hiroko (JPN),BOSIKA Mimi (USA),FUJII Hiroko
US Open Fort Lauderdale 2005,2005-07-07,HUGH Judy,PRABHU Mamata,4,3,"8,11,11,11,9,10,14|11,8,4,9,11,12,12",,GRAND_SLAM,WS,1739,Qualification,HUGH Judy (USA),PRABHU Mamata (IND),HUGH Judy
US Open Fort Lauderdale 2005,2005-07-07,TASEI Mikie,PRABHU Mamata,4,0,"11,11,11,11|2,3,8,2",QR2,GRAND_SLAM,WS,1739,Qualification,TASEI Mikie (JPN),PRABHU Mamata (IND),TASEI Mikie
US Open Fort Lauderdale 2005,2005-07-07,TASEI Mikie,HUGH Judy,4,0,"11,11,11,11|6,3,6,3",3,GRAND_SLAM,WS,1739,Qualification,TASEI Mikie (JPN),HUGH Judy (USA),TASEI Mikie
US Open Fort Lauderdale 2005,2005-07-07,YAN Shirley,LEACH Laura,4,2,"11,9,7,11,11,11|4,11,11,5,7,7",,GRAND_SLAM,WS,1739,Qualification,YAN Shirley (CAN),LEACH Laura (USA),YAN Shirley
US Open Fort Lauderdale 2005,2005-07-07,HIURA Reiko,LEACH Laura,4,0,"11,11,11,11|2,5,4,9",QR2,GRAND_SLAM,WS,1739,Qualification,HIURA Reiko (JPN),LEACH Laura (USA),HIURA Reiko
US Open Fort Lauderdale 2005,2005-07-07,HIURA Reiko,YAN Shirley,4,0,"11,11,11,11|5,9,6,8",3,GRAND_SLAM,WS,1739,Qualification,HIURA Reiko (JPN),YAN Shirley (CAN),HIURA Reiko
US Open Fort Lauderdale 2005,2005-07-07,NGAN Anna,ELLIOTT Aili,4,2,"11,7,11,11,13,11|6,11,8,8,15,5",,GRAND_SLAM,WS,1739,Qualification,NGAN Anna (CAN),ELLIOTT Aili (USA),NGAN Anna
US Open Fort Lauderdale 2005,2005-07-07,LEE Eunhee,ELLIOTT Aili,4,0,"11,11,11,11|3,8,8,2",QR2,GRAND_SLAM,WS,1739,Qualification,LEE Eunhee (KOR),ELLIOTT Aili (USA),LEE Eunhee
US Open Fort Lauderdale 2005,2005-07-07,LEE Eunhee,NGAN Anna,4,0,"11,11,11,11|8,5,5,2",3,GRAND_SLAM,WS,1739,Qualification,LEE Eunhee (KOR),NGAN Anna (CAN),LEE Eunhee
US Open Fort Lauderdale 2005,2005-07-07,CHAKRABORTY Kasturi,YI Sophia Dan Dan,4,1,"11,6,11,11,11|6,11,5,5,4",,GRAND_SLAM,WS,1739,Qualification,CHAKRABORTY Kasturi (IND),YI Sophia Dan Dan (USA),CHAKRABORTY Kasturi
US Open Fort Lauderdale 2005,2005-07-07,TAN Paey Fern,CHAKRABORTY Kasturi,4,0,"11,11,11,11|5,8,7,4",QR2,GRAND_SLAM,WS,1739,Qualification,TAN Paey Fern (SGP),CHAKRABORTY Kasturi (IND),TAN Paey Fern
US Open Fort Lauderdale 2005,2005-07-07,TAN Paey Fern,YI Sophia Dan Dan,4,0,"11,11,11,11|6,4,8,5",3,GRAND_SLAM,WS,1739,Qualification,TAN Paey Fern (SGP),YI Sophia Dan Dan (USA),TAN Paey Fern
US Open Fort Lauderdale 2005,2005-07-07,PAUL Mousumi,HUANG Crystal Xi,4,1,"2,11,11,11,12|11,4,2,9,10",,GRAND_SLAM,WS,1739,Qualification,PAUL Mousumi (IND),HUANG Crystal Xi (USA),PAUL Mousumi
US Open Fort Lauderdale 2005,2005-07-07,LOVAS Petra,HUANG Crystal Xi,4,3,"7,7,11,11,13,8,12|11,11,3,3,11,11,10",QR2,GRAND_SLAM,WS,1739,Qualification,LOVAS Petra (HUN),HUANG Crystal Xi (USA),LOVAS Petra
US Open Fort Lauderdale 2005,2005-07-07,LOVAS Petra,PAUL Mousumi,4,2,"11,9,11,12,11,13|4,11,6,14,5,11",3,GRAND_SLAM,WS,1739,Qualification,LOVAS Petra (HUN),PAUL Mousumi (IND),LOVAS Petra
US Open Fort Lauderdale 2005,2005-07-07,VIJAY Vishaka,PING Whitney,4,2,"11,11,11,7,5,11|8,6,7,11,11,6",,GRAND_SLAM,WS,1739,Qualification,VIJAY Vishaka (IND),PING Whitney (USA),VIJAY Vishaka
US Open Fort Lauderdale 2005,2005-07-07,JEON Hyekyung,VIJAY Vishaka,4,0,"11,11,11,11|7,6,7,4",QR2,GRAND_SLAM,WS,1739,Qualification,JEON Hyekyung (KOR),VIJAY Vishaka (IND),JEON Hyekyung
US Open Fort Lauderdale 2005,2005-07-07,JEON Hyekyung,PING Whitney,4,0,"11,11,11,11|6,8,6,3",3,GRAND_SLAM,WS,1739,Qualification,JEON Hyekyung (KOR),PING Whitney (USA),JEON Hyekyung
US Open Fort Lauderdale 2005,2005-07-07,COULIBALY Dieniouma,GRESHAM Toni,4,0,"11,11,11,11|7,8,3,6",,GRAND_SLAM,WS,1739,Qualification,COULIBALY Dieniouma (FRA),GRESHAM Toni (USA),COULIBALY Dieniouma
US Open Fort Lauderdale 2005,2005-07-07,ROBERTSON Laura,GRESHAM Toni,4,0,"11,11,11,11|3,6,4,6",QR2,GRAND_SLAM,WS,1739,Qualification,ROBERTSON Laura (GER),GRESHAM Toni (USA),ROBERTSON Laura
US Open Fort Lauderdale 2005,2005-07-07,ROBERTSON Laura,COULIBALY Dieniouma,4,2,"11,11,11,6,8,11|5,3,8,11,11,9",3,GRAND_SLAM,WS,1739,Qualification,ROBERTSON Laura (GER),COULIBALY Dieniouma (FRA),ROBERTSON Laura
US Open Fort Lauderdale 2005,2005-07-07,KIM Soongsil,LI Zecong,4,0,"11,11,11,12|4,3,2,10",,GRAND_SLAM,WS,1739,Qualification,KIM Soongsil (KOR),LI Zecong (CAN),KIM Soongsil
US Open Fort Lauderdale 2005,2005-07-07,RATHER Jasna,LI Zecong,4,0,"11,12,11,11|4,10,6,5",QR2,GRAND_SLAM,WS,1739,Qualification,RATHER Jasna (USA),LI Zecong (CAN),RATHER Jasna
US Open Fort Lauderdale 2005,2005-07-07,KIM Soongsil,RATHER Jasna,4,1,"11,7,11,11,11|9,11,9,3,5",3,GRAND_SLAM,WS,1739,Qualification,KIM Soongsil (KOR),RATHER Jasna (USA),KIM Soongsil
US Open Fort Lauderdale 2005,2005-07-07,YUEN Sara,XIAO Laura,4,0,"11,11,11,11|7,4,7,7",,GRAND_SLAM,WS,1739,Qualification,YUEN Sara (CAN),XIAO Laura (USA),YUEN Sara
US Open Fort Lauderdale 2005,2005-07-07,PARK Miyoung,XIAO Laura,4,0,"11,11,11,11|6,4,8,3",QR2,GRAND_SLAM,WS,1739,Qualification,PARK Miyoung (KOR),XIAO Laura (USA),PARK Miyoung
US Open Fort Lauderdale 2005,2005-07-07,PARK Miyoung,YUEN Sara,4,0,"11,11,11,11|7,9,6,8",3,GRAND_SLAM,WS,1739,Qualification,PARK Miyoung (KOR),YUEN Sara (CAN),PARK Miyoung
US Open Fort Lauderdale 2005,2005-07-07,LI Nan,CHIU Wennin,4,3,"12,11,12,8,10,10,11|10,6,10,11,12,12,8",,GRAND_SLAM,WS,1739,Qualification,LI Nan (USA),CHIU Wennin (CAN),LI Nan
US Open Fort Lauderdale 2005,2005-07-07,KIM Junghyun,LI Nan,4,3,"11,7,9,4,11,11,11|9,11,11,11,9,5,9",QR2,GRAND_SLAM,WS,1739,Qualification,KIM Junghyun (KOR),LI Nan (USA),KIM Junghyun
US Open Fort Lauderdale 2005,2005-07-07,KIM Junghyun,CHIU Wennin,4,1,"11,11,8,11,11|3,6,11,2,7",3,GRAND_SLAM,WS,1739,Qualification,KIM Junghyun (KOR),CHIU Wennin (CAN),KIM Junghyun
US Open Fort Lauderdale 2005,2005-07-07,MEDINA Iizzwa,WRONSKA Beata,4,0,"11,11,11,11|8,8,6,6",,GRAND_SLAM,WS,1739,Qualification,MEDINA Iizzwa (HON),WRONSKA Beata (USA),MEDINA Iizzwa
US Open Fort Lauderdale 2005,2005-07-07,KIM Hyehyun,WRONSKA Beata,4,0,"11,11,11,11|5,3,2,6",QR2,GRAND_SLAM,WS,1739,Qualification,KIM Hyehyun (KOR),WRONSKA Beata (USA),KIM Hyehyun
US Open Fort Lauderdale 2005,2005-07-07,KIM Hyehyun,MEDINA Iizzwa,4,0,"11,11,11,11|3,4,2,7",3,GRAND_SLAM,WS,1739,Qualification,KIM Hyehyun (KOR),MEDINA Iizzwa (HON),KIM Hyehyun
US Open Fort Lauderdale 2005,2005-07-07,WANG Yuegu,LEE Jacqueline,4,1,"9,11,11,11,11|11,5,1,6,5",,GRAND_SLAM,WS,1739,Qualification,WANG Yuegu (SGP),LEE Jacqueline (USA),WANG Yuegu
US Open Fort Lauderdale 2005,2005-07-07,WANG Yuegu,LEE Hyangmi,4,2,"8,9,11,11,11,11|11,11,7,3,6,7",QR2,GRAND_SLAM,WS,1739,Qualification,WANG Yuegu (SGP),LEE Hyangmi (KOR),WANG Yuegu
US Open Fort Lauderdale 2005,2005-07-07,LEE Hyangmi,LEE Jacqueline,4,0,"11,11,14,11|6,5,12,4",3,GRAND_SLAM,WS,1739,Qualification,LEE Hyangmi (KOR),LEE Jacqueline (USA),LEE Hyangmi
US Open Fort Lauderdale 2005,2005-07-07,CAHOREAU Nathalie,LIU Charlene Xiaoying,4,1,"11,10,11,11,11|4,12,4,4,3",,GRAND_SLAM,WS,1739,Qualification,CAHOREAU Nathalie (FRA),LIU Charlene Xiaoying (USA),CAHOREAU Nathalie
US Open Fort Lauderdale 2005,2005-07-07,KIM Minhee (YOB=1985),LIU Charlene Xiaoying,4,0,"11,11,11,11|6,2,5,9",QR2,GRAND_SLAM,WS,1739,Qualification,KIM Minhee (YOB=1985) (KOR),LIU Charlene Xiaoying (USA),KIM Minhee (YOB=1985)
US Open Fort Lauderdale 2005,2005-07-07,KIM Minhee (YOB=1985),CAHOREAU Nathalie,4,3,"11,11,6,2,6,11,11|4,7,11,11,11,6,7",3,GRAND_SLAM,WS,1739,Qualification,KIM Minhee (YOB=1985) (KOR),CAHOREAU Nathalie (FRA),KIM Minhee (YOB=1985)
US Open Fort Lauderdale 2005,2005-07-07,HALAS Helena,WEI Barbara,4,0,"11,11,11,11|3,9,7,4",QR2,GRAND_SLAM,WS,1739,Qualification,HALAS Helena (SLO),WEI Barbara (USA),HALAS Helena
US Open Fort Lauderdale 2005,2005-07-07,KERTAI Rita,WEI Barbara,4,0,"13,11,11,11|11,3,4,9",3,GRAND_SLAM,WS,1739,Qualification,KERTAI Rita (HUN),WEI Barbara (USA),KERTAI Rita
US Open Fort Lauderdale 2005,2005-07-07,KERTAI Rita,HALAS Helena,4,0,"11,11,11,11|5,6,7,7",5,GRAND_SLAM,WS,1739,Qualification,KERTAI Rita (HUN),HALAS Helena (SLO),KERTAI Rita
US Open Fort Lauderdale 2005,2005-07-07,BANH THUA Tawny,RAY Susmita,4,0,"11,11,11,11|9,9,5,6",,GRAND_SLAM,WS,1739,Qualification,BANH THUA Tawny (USA),RAY Susmita (IND),BANH THUA Tawny
US Open Fort Lauderdale 2005,2005-07-07,KIM Bokrae,GRUNDISCH Carole,4,0,"11,11,11,11|8,5,3,8",QR2,GRAND_SLAM,WS,1739,Qualification,KIM Bokrae (KOR),GRUNDISCH Carole (FRA),KIM Bokrae
US Open Fort Lauderdale 2005,2005-07-07,KIM Bokrae,BANH THUA Tawny,4,0,"11,11,11,11|5,8,9,4",3,GRAND_SLAM,WS,1739,Qualification,KIM Bokrae (KOR),BANH THUA Tawny (USA),KIM Bokrae
US Open Fort Lauderdale 2005,2005-07-07,GRUNDISCH Carole,RAY Susmita,4,1,"11,11,10,11,11|6,7,12,6,1",QR4,GRAND_SLAM,WS,1739,Qualification,GRUNDISCH Carole (FRA),RAY Susmita (IND),GRUNDISCH Carole
US Open Fort Lauderdale 2005,2005-07-07,GRUNDISCH Carole,BANH THUA Tawny,4,3,"8,11,11,11,4,11,11|11,5,8,8,11,13,9",5,GRAND_SLAM,WS,1739,Qualification,GRUNDISCH Carole (FRA),BANH THUA Tawny (USA),GRUNDISCH Carole
US Open Fort Lauderdale 2005,2005-07-07,KIM Bokrae,RAY Susmita,4,0,"11,11,11,11|8,5,5,2",6,GRAND_SLAM,WS,1739,Qualification,KIM Bokrae (KOR),RAY Susmita (IND),KIM Bokrae
US Open Fort Lauderdale 2005,2005-07-07,SUN Beibei,LEE Jacqueline,4,1,"11,11,11,6,11|5,4,8,11,1",R16,GRAND_SLAM,U21WS,1739,Main Draw,SUN Beibei (SGP),LEE Jacqueline (USA),SUN Beibei
US Open Fort Lauderdale 2005,2005-07-07,GRUNDISCH Carole,YUEN Sara,4,1,"11,11,7,11,11|5,6,11,3,9",R16,GRAND_SLAM,U21WS,1739,Main Draw,GRUNDISCH Carole (FRA),YUEN Sara (CAN),GRUNDISCH Carole
US Open Fort Lauderdale 2005,2005-07-07,CAHOREAU Nathalie,PING Whitney,4,1,"11,7,11,11,11|6,11,3,6,6",R16,GRAND_SLAM,U21WS,1739,Main Draw,CAHOREAU Nathalie (FRA),PING Whitney (USA),CAHOREAU Nathalie
US Open Fort Lauderdale 2005,2005-07-07,KIM Junghyun,RAY Susmita,4,0,"11,14,11,11|4,12,6,7",R16,GRAND_SLAM,U21WS,1739,Main Draw,KIM Junghyun (KOR),RAY Susmita (IND),KIM Junghyun
US Open Fort Lauderdale 2005,2005-07-07,ROBERTSON Laura,CHIU Wennin,4,1,"11,11,11,7,11|8,4,7,11,9",R16,GRAND_SLAM,U21WS,1739,Main Draw,ROBERTSON Laura (GER),CHIU Wennin (CAN),ROBERTSON Laura
US Open Fort Lauderdale 2005,2005-07-07,KIM Minhee (YOB=1985),COULIBALY Dieniouma,4,2,"11,11,12,8,9,11|9,9,10,11,11,9",R16,GRAND_SLAM,U21WS,1739,Main Draw,KIM Minhee (YOB=1985) (KOR),COULIBALY Dieniouma (FRA),KIM Minhee (YOB=1985)
US Open Fort Lauderdale 2005,2005-07-07,KIM Hyehyun,PAUL Mousumi,4,1,"11,8,11,11,12|7,11,6,5,10",R16,GRAND_SLAM,U21WS,1739,Main Draw,KIM Hyehyun (KOR),PAUL Mousumi (IND),KIM Hyehyun
US Open Fort Lauderdale 2005,2005-07-07,GRUNDISCH Carole,SUN Beibei,4,3,"7,11,11,6,8,11,11|11,7,4,11,11,5,8",QF,GRAND_SLAM,U21WS,1739,Main Draw,GRUNDISCH Carole (FRA),SUN Beibei (SGP),GRUNDISCH Carole
US Open Fort Lauderdale 2005,2005-07-07,KIM Junghyun,CAHOREAU Nathalie,4,0,"11,11,11,11|5,5,4,7",QF,GRAND_SLAM,U21WS,1739,Main Draw,KIM Junghyun (KOR),CAHOREAU Nathalie (FRA),KIM Junghyun
US Open Fort Lauderdale 2005,2005-07-07,KIM Minhee (YOB=1985),ROBERTSON Laura,4,3,"11,13,8,11,9,12,11|13,11,11,4,11,10,9",QF,GRAND_SLAM,U21WS,1739,Main Draw,KIM Minhee (YOB=1985) (KOR),ROBERTSON Laura (GER),KIM Minhee (YOB=1985)
US Open Fort Lauderdale 2005,2005-07-07,LEE Eunhee,KIM Hyehyun,4,2,"11,9,11,11,3,11|9,11,8,7,11,1",QF,GRAND_SLAM,U21WS,1739,Main Draw,LEE Eunhee (KOR),KIM Hyehyun (KOR),LEE Eunhee
US Open Fort Lauderdale 2005,2005-07-07,KIM Junghyun,GRUNDISCH Carole,4,2,"11,11,5,10,11,11|7,4,11,12,8,2",SF,GRAND_SLAM,U21WS,1739,Main Draw,KIM Junghyun (KOR),GRUNDISCH Carole (FRA),KIM Junghyun
US Open Fort Lauderdale 2005,2005-07-07,LEE Eunhee,KIM Minhee (YOB=1985),4,3,"7,7,11,11,9,11,11|11,11,4,8,11,9,8",SF,GRAND_SLAM,U21WS,1739,Main Draw,LEE Eunhee (KOR),KIM Minhee (YOB=1985) (KOR),LEE Eunhee
US Open Fort Lauderdale 2005,2005-07-07,LEE Eunhee,KIM Junghyun,4,3,"11,4,6,8,11,11,11|4,11,11,11,7,9,8",F,GRAND_SLAM,U21WS,1739,Main Draw,LEE Eunhee (KOR),KIM Junghyun (KOR),LEE Eunhee
US Open Fort Lauderdale 2005,2005-07-07,LI Zecong,DUBINA Amanda,3,0,"11,11,11|1,7,6",,GRAND_SLAM,U21WS,1739,Qualification,LI Zecong (CAN),DUBINA Amanda (USA),LI Zecong
US Open Fort Lauderdale 2005,2005-07-07,LEE Jacqueline,DUBINA Amanda,3,0,"11,12,13|9,10,11",QR2,GRAND_SLAM,U21WS,1739,Qualification,LEE Jacqueline (USA),DUBINA Amanda (USA),LEE Jacqueline
US Open Fort Lauderdale 2005,2005-07-07,LEE Jacqueline,LI Zecong,3,1,"11,11,11,11|6,6,13,7",3,GRAND_SLAM,U21WS,1739,Qualification,LEE Jacqueline (USA),LI Zecong (CAN),LEE Jacqueline
US Open Fort Lauderdale 2005,2005-07-07,XIAO Laura,DELZO Marisol,3,1,"8,11,11,11|11,8,9,7",,GRAND_SLAM,U21WS,1739,Qualification,XIAO Laura (USA),DELZO Marisol (PER),XIAO Laura
US Open Fort Lauderdale 2005,2005-07-07,CHIU Wennin,XIAO Laura,3,0,"11,11,11|4,7,3",QR2,GRAND_SLAM,U21WS,1739,Qualification,CHIU Wennin (CAN),XIAO Laura (USA),CHIU Wennin
US Open Fort Lauderdale 2005,2005-07-07,CHIU Wennin,DELZO Marisol,3,0,"11,11,11|9,6,6",3,GRAND_SLAM,U21WS,1739,Qualification,CHIU Wennin (CAN),DELZO Marisol (PER),CHIU Wennin
US Open Fort Lauderdale 2005,2005-07-07,FONG Atha,LEACH Laura,3,1,"8,11,11,11|11,6,6,3",,GRAND_SLAM,U21WS,1739,Qualification,FONG Atha (USA),LEACH Laura (USA),FONG Atha
US Open Fort Lauderdale 2005,2005-07-07,YUEN Sara,FONG Atha,3,0,"15,12,11|13,10,5",QR2,GRAND_SLAM,U21WS,1739,Qualification,YUEN Sara (CAN),FONG Atha (USA),YUEN Sara
US Open Fort Lauderdale 2005,2005-07-07,YUEN Sara,LEACH Laura,3,0,"11,11,11|8,3,3",3,GRAND_SLAM,U21WS,1739,Qualification,YUEN Sara (CAN),LEACH Laura (USA),YUEN Sara
US Open Fort Lauderdale 2005,2005-07-07,COULIBALY Dieniouma,HUGH Judy,3,0,"11,11,11|7,4,9",3,GRAND_SLAM,U21WS,1739,Qualification,COULIBALY Dieniouma (FRA),HUGH Judy (USA),COULIBALY Dieniouma
US Open Fort Lauderdale 2005,2005-07-07,MAST Jennifer Mae,LEVESQUE Marie-Andree,3,1,"9,11,11,11|11,2,1,6",,GRAND_SLAM,U21WS,1739,Qualification,MAST Jennifer Mae (USA),LEVESQUE Marie-Andree (CAN),MAST Jennifer Mae
US Open Fort Lauderdale 2005,2005-07-07,PING Whitney,MAST Jennifer Mae,3,0,"11,11,11|4,7,2",QR2,GRAND_SLAM,U21WS,1739,Qualification,PING Whitney (USA),MAST Jennifer Mae (USA),PING Whitney
US Open Fort Lauderdale 2005,2005-07-07,PING Whitney,LEVESQUE Marie-Andree,3,0,"11,11,11|7,8,7",3,GRAND_SLAM,U21WS,1739,Qualification,PING Whitney (USA),LEVESQUE Marie-Andree (CAN),PING Whitney
US Open Fort Lauderdale 2005,2005-07-07,YAN Shirley,WEI Barbara,3,1,"11,2,11,11|9,11,6,6",,GRAND_SLAM,U21WS,1739,Qualification,YAN Shirley (CAN),WEI Barbara (USA),YAN Shirley
US Open Fort Lauderdale 2005,2005-07-07,PAUL Mousumi,WEI Barbara,3,2,"11,4,7,11,11|7,11,11,4,8",QR2,GRAND_SLAM,U21WS,1739,Qualification,PAUL Mousumi (IND),WEI Barbara (USA),PAUL Mousumi
US Open Fort Lauderdale 2005,2005-07-07,PAUL Mousumi,YAN Shirley,3,2,"4,11,11,10,11|11,6,7,12,6",3,GRAND_SLAM,U21WS,1739,Qualification,PAUL Mousumi (IND),YAN Shirley (CAN),PAUL Mousumi
US Open Fort Lauderdale 2005,2005-07-07,YI Sophia Dan Dan,WU Rita,3,1,"8,11,12,11|11,8,10,7",,GRAND_SLAM,U21WS,1739,Qualification,YI Sophia Dan Dan (USA),WU Rita (USA),YI Sophia Dan Dan
US Open Fort Lauderdale 2005,2005-07-07,RAY Susmita,NGAN Anna,3,1,"5,11,11,11|11,4,5,7",QR2,GRAND_SLAM,U21WS,1739,Qualification,RAY Susmita (IND),NGAN Anna (CAN),RAY Susmita
US Open Fort Lauderdale 2005,2005-07-07,RAY Susmita,YI Sophia Dan Dan,3,0,"11,11,11|4,4,3",3,GRAND_SLAM,U21WS,1739,Qualification,RAY Susmita (IND),YI Sophia Dan Dan (USA),RAY Susmita
US Open Fort Lauderdale 2005,2005-07-07,NGAN Anna,WU Rita,3,0,"11,11,11|6,4,4",QR4,GRAND_SLAM,U21WS,1739,Qualification,NGAN Anna (CAN),WU Rita (USA),NGAN Anna
US Open Fort Lauderdale 2005,2005-07-07,NGAN Anna,YI Sophia Dan Dan,3,1,"10,11,11,11|12,7,1,8",5,GRAND_SLAM,U21WS,1739,Qualification,NGAN Anna (CAN),YI Sophia Dan Dan (USA),NGAN Anna
US Open Fort Lauderdale 2005,2005-07-07,RAY Susmita,WU Rita,3,0,"11,11,11|2,2,3",6,GRAND_SLAM,U21WS,1739,Qualification,RAY Susmita (IND),WU Rita (USA),RAY Susmita
US Open Fort Lauderdale 2005,2005-07-07,CHEN Weixing/GARDOS Robert,ELENSKY Gregory/LO Dany,4,1,"8,11,11,13,11|11,3,6,11,3",R16,GRAND_SLAM,MD,1739,Main Draw,CHEN Weixing (AUT) / GARDOS Robert (AUT),ELENSKY Gregory (ISR) / LO Dany (FRA),CHEN Weixing
US Open Fort Lauderdale 2005,2005-07-07,CHILA Patrick/ELOI Damien,CHEN Weixing/GARDOS Robert,4,2,"11,11,11,3,5,12|7,6,8,11,11,10",QF,GRAND_SLAM,MD,1739,Main Draw,CHILA Patrick (FRA) / ELOI Damien (FRA),CHEN Weixing (AUT) / GARDOS Robert (AUT),CHILA Patrick
US Open Fort Lauderdale 2005,2005-07-07,MAECK Anthony/VOSTES Yannick,KAMKAR-PARSI Homayoun/PETER-PAUL Pradeeban,3,0,"11,11,11|8,9,7",QR32,GRAND_SLAM,MD,1739,Qualification,MAECK Anthony (BEL) / VOSTES Yannick (BEL),KAMKAR-PARSI Homayoun (CAN) / PETER-PAUL Pradeeban (CAN),MAECK Anthony
US Open Fort Lauderdale 2005,2005-07-07,DESPRES Rodolphe/LEGOUT Christophe,MATSUMOTO Cazuo/TSUBOI Gustavo,4,2,"11,4,11,16,5,11|6,11,8,14,11,4",R16,GRAND_SLAM,MD,1739,Main Draw,DESPRES Rodolphe (FRA) / LEGOUT Christophe (FRA),MATSUMOTO Cazuo (BRA) / TSUBOI Gustavo (BRA),DESPRES Rodolphe
US Open Fort Lauderdale 2005,2005-07-07,CHO Jihoon/KIM Taehoon,HINSE Pierre-Luc/THERIEN Xavier,3,1,"11,9,11,11|7,11,1,8",QR32,GRAND_SLAM,MD,1739,Qualification,CHO Jihoon (KOR) / KIM Taehoon (KOR),HINSE Pierre-Luc (CAN) / THERIEN Xavier (CAN),CHO Jihoon
US Open Fort Lauderdale 2005,2005-07-07,GIONIS Panagiotis/PAPADIMITRIOU Dimitrios,KONGSGAARD Christian/SORENSEN Mads,3,2,"11,11,9,3,12|6,7,11,11,10",QR32,GRAND_SLAM,MD,1739,Qualification,GIONIS Panagiotis (GRE) / PAPADIMITRIOU Dimitrios (GRE),KONGSGAARD Christian (DEN) / SORENSEN Mads (DEN),GIONIS Panagiotis
US Open Fort Lauderdale 2005,2005-07-07,DURAN Marc/FAN Guoliang,DAVID Paul/SHAO Yu,3,0,"11,11,11|7,9,4",QR64,GRAND_SLAM,MD,1739,Qualification,DURAN Marc (ESP) / FAN Guoliang (ESP),DAVID Paul (GUY) / SHAO Yu (USA),DURAN Marc
US Open Fort Lauderdale 2005,2005-07-07,DURAN Marc/FAN Guoliang,ALBAN Keith/JOHNSON Ben,3,0,"11,11,11|7,4,2",QR32,GRAND_SLAM,MD,1739,Qualification,DURAN Marc (ESP) / FAN Guoliang (ESP),ALBAN Keith (USA) / JOHNSON Ben (WAL),DURAN Marc
US Open Fort Lauderdale 2005,2005-07-07,LEE Chulseung/YOO Changjae,DURAN Marc/FAN Guoliang,3,0,"11,11,11|4,6,4",QR16,GRAND_SLAM,MD,1739,Qualification,LEE Chulseung (KOR) / YOO Changjae (KOR),DURAN Marc (ESP) / FAN Guoliang (ESP),LEE Chulseung
US Open Fort Lauderdale 2005,2005-07-07,ELENSKY Gregory/LO Dany,COCHRAN Joseph/RUNYAN Trevor,3,0,"11,12,11|5,10,2",QR64,GRAND_SLAM,MD,1739,Qualification,ELENSKY Gregory (ISR) / LO Dany (FRA),COCHRAN Joseph (USA) / RUNYAN Trevor (USA),ELENSKY Gregory
US Open Fort Lauderdale 2005,2005-07-07,ELENSKY Gregory/LO Dany,BALL Andreas/ROSNER Benjamin,3,1,"12,11,11,11|10,5,13,9",QR32,GRAND_SLAM,MD,1739,Qualification,ELENSKY Gregory (ISR) / LO Dany (FRA),BALL Andreas (GER) / ROSNER Benjamin (GER),ELENSKY Gregory
US Open Fort Lauderdale 2005,2005-07-07,ELENSKY Gregory/LO Dany,LEE Jinkwon/YOON Jaeyoung,3,1,"6,11,11,12|11,9,9,10",QR16,GRAND_SLAM,MD,1739,Qualification,ELENSKY Gregory (ISR) / LO Dany (FRA),LEE Jinkwon (KOR) / YOON Jaeyoung (KOR),ELENSKY Gregory
US Open Fort Lauderdale 2005,2005-07-07,BERTIN Christophe/BOBILLIER Loic,MAECK Anthony/VOSTES Yannick,4,1,"4,11,11,11,11|11,7,9,7,4",R16,GRAND_SLAM,MD,1739,Main Draw,BERTIN Christophe (FRA) / BOBILLIER Loic (FRA),MAECK Anthony (BEL) / VOSTES Yannick (BEL),BERTIN Christophe
US Open Fort Lauderdale 2005,2005-07-07,MOLIN Magnus/SVENSSON Robert,CHENG Yinghua/JOVER Sebastien,4,1,"11,11,12,10,11|4,5,10,12,9",R16,GRAND_SLAM,MD,1739,Main Draw,MOLIN Magnus (SWE) / SVENSSON Robert (SWE),CHENG Yinghua (USA) / JOVER Sebastien (FRA),MOLIN Magnus
US Open Fort Lauderdale 2005,2005-07-07,LEE Chulseung/YOO Changjae,BERTIN Christophe/BOBILLIER Loic,4,1,"11,15,11,11,13|13,13,9,5,11",QF,GRAND_SLAM,MD,1739,Main Draw,LEE Chulseung (KOR) / YOO Changjae (KOR),BERTIN Christophe (FRA) / BOBILLIER Loic (FRA),LEE Chulseung
US Open Fort Lauderdale 2005,2005-07-07,LEE Chulseung/YOO Changjae,CHILA Patrick/ELOI Damien,4,0,,SF,GRAND_SLAM,MD,1739,Main Draw,LEE Chulseung (KOR) / YOO Changjae (KOR),CHILA Patrick (FRA) / ELOI Damien (FRA),LEE Chulseung
US Open Fort Lauderdale 2005,2005-07-07,FEJER-KONNERTH Zoltan/WOSIK Torben,REED Barney/ZHUANG David,3,0,"11,11,14|8,9,12",QR32,GRAND_SLAM,MD,1739,Qualification,FEJER-KONNERTH Zoltan (GER) / WOSIK Torben (GER),REED Barney (USA) / ZHUANG David (USA),FEJER-KONNERTH Zoltan
US Open Fort Lauderdale 2005,2005-07-07,FEJER-KONNERTH Zoltan/WOSIK Torben,ACHANTA Sharath/NANDI Anirban,3,1,"8,11,11,11|11,6,5,7",QR16,GRAND_SLAM,MD,1739,Qualification,FEJER-KONNERTH Zoltan (GER) / WOSIK Torben (GER),ACHANTA Sharath (IND) / NANDI Anirban (IND),FEJER-KONNERTH Zoltan
US Open Fort Lauderdale 2005,2005-07-07,CHILA Patrick/ELOI Damien,GIONIS Panagiotis/PAPADIMITRIOU Dimitrios,4,2,"11,7,11,7,11,11|7,11,9,11,8,5",R16,GRAND_SLAM,MD,1739,Main Draw,CHILA Patrick (FRA) / ELOI Damien (FRA),GIONIS Panagiotis (GRE) / PAPADIMITRIOU Dimitrios (GRE),CHILA Patrick
US Open Fort Lauderdale 2005,2005-07-07,GIONIS Panagiotis/PAPADIMITRIOU Dimitrios,FLORES Omar/SANJAY Lester,3,0,"11,11,11|9,5,8",QR16,GRAND_SLAM,MD,1739,Qualification,GIONIS Panagiotis (GRE) / PAPADIMITRIOU Dimitrios (GRE),FLORES Omar (GUA) / SANJAY Lester (GUA),GIONIS Panagiotis
US Open Fort Lauderdale 2005,2005-07-07,ACHANTA Sharath/NANDI Anirban,KASSAM Faazil/SHEN Qiang,3,2,"8,11,11,10,11|11,5,2,12,5",QR32,GRAND_SLAM,MD,1739,Qualification,ACHANTA Sharath (IND) / NANDI Anirban (IND),KASSAM Faazil (CAN) / SHEN Qiang (CAN),ACHANTA Sharath
US Open Fort Lauderdale 2005,2005-07-07,FLORES Omar/SANJAY Lester,STRACHAN Darryl/WATSON Kane,3,0,"11,11,11|5,7,6",QR64,GRAND_SLAM,MD,1739,Qualification,FLORES Omar (GUA) / SANJAY Lester (GUA),STRACHAN Darryl (JAM) / WATSON Kane (JAM),FLORES Omar
US Open Fort Lauderdale 2005,2005-07-07,CHO Eonrae/TAKAKIWA Kenichi,ERLANDSEN Geir/MOLDOVAN Istvan,3,0,"11,11,11|4,4,0",QR32,GRAND_SLAM,MD,1739,Qualification,CHO Eonrae (KOR) / TAKAKIWA Kenichi (JPN),ERLANDSEN Geir (NOR) / MOLDOVAN Istvan (NOR),CHO Eonrae
US Open Fort Lauderdale 2005,2005-07-07,LEE Chulseung/YOO Changjae,MONRAD Martin/TUGWELL Finn,4,2,"11,12,5,11,11,11|8,10,11,8,13,2",R16,GRAND_SLAM,MD,1739,Main Draw,LEE Chulseung (KOR) / YOO Changjae (KOR),MONRAD Martin (DEN) / TUGWELL Finn (DEN),LEE Chulseung
US Open Fort Lauderdale 2005,2005-07-07,LEE Jungwoo/OH Sangeun,FEJER-KONNERTH Zoltan/WOSIK Torben,4,0,"12,16,11,14|10,14,6,12",R16,GRAND_SLAM,MD,1739,Main Draw,LEE Jungwoo (KOR) / OH Sangeun (KOR),FEJER-KONNERTH Zoltan (GER) / WOSIK Torben (GER),LEE Jungwoo
US Open Fort Lauderdale 2005,2005-07-07,LEE Jungwoo/OH Sangeun,DESPRES Rodolphe/LEGOUT Christophe,4,3,"11,11,9,11,3,9,11|7,6,11,6,11,11,4",QF,GRAND_SLAM,MD,1739,Main Draw,LEE Jungwoo (KOR) / OH Sangeun (KOR),DESPRES Rodolphe (FRA) / LEGOUT Christophe (FRA),LEE Jungwoo
US Open Fort Lauderdale 2005,2005-07-07,LEE Jungwoo/OH Sangeun,KUZMIN Fedor/SMIRNOV Alexey,4,0,"11,11,12,11|7,7,10,9",SF,GRAND_SLAM,MD,1739,Main Draw,LEE Jungwoo (KOR) / OH Sangeun (KOR),KUZMIN Fedor (RUS) / SMIRNOV Alexey (RUS),LEE Jungwoo
US Open Fort Lauderdale 2005,2005-07-07,LEE Jungwoo/OH Sangeun,LEE Chulseung/YOO Changjae,4,0,"11,11,11,11|6,4,9,5",F,GRAND_SLAM,MD,1739,Main Draw,LEE Jungwoo (KOR) / OH Sangeun (KOR),LEE Chulseung (KOR) / YOO Changjae (KOR),LEE Jungwoo
US Open Fort Lauderdale 2005,2005-07-07,DUBINA Samson/GREEN Wally,DOMANIKU Besart/HASANI Astrit,3,1,"12,11,11,11|14,9,6,6",QR64,GRAND_SLAM,MD,1739,Qualification,DUBINA Samson (USA) / GREEN Wally (USA),DOMANIKU Besart (KOS) / HASANI Astrit (KOS),DUBINA Samson
US Open Fort Lauderdale 2005,2005-07-07,FETH Stefan/KEINATH Thomas,ROY Soumyadeep/SAHA Subhajit,3,1,"11,12,11,11|7,14,7,4",QR32,GRAND_SLAM,MD,1739,Qualification,FETH Stefan (GER) / KEINATH Thomas (SVK),ROY Soumyadeep (IND) / SAHA Subhajit (IND),FETH Stefan
US Open Fort Lauderdale 2005,2005-07-07,PISTEJ Lubomir/SEREDA Peter,HAZINSKI Mark/HUGH Adam,3,0,"15,11,11|13,6,7",QR32,GRAND_SLAM,MD,1739,Qualification,PISTEJ Lubomir (SVK) / SEREDA Peter (SVK),HAZINSKI Mark (USA) / HUGH Adam (USA),PISTEJ Lubomir
US Open Fort Lauderdale 2005,2005-07-07,MAECK Anthony/VOSTES Yannick,FETH Stefan/KEINATH Thomas,3,2,"11,11,5,7,11|6,7,11,11,8",QR16,GRAND_SLAM,MD,1739,Qualification,MAECK Anthony (BEL) / VOSTES Yannick (BEL),FETH Stefan (GER) / KEINATH Thomas (SVK),MAECK Anthony
US Open Fort Lauderdale 2005,2005-07-07,PISTEJ Lubomir/SEREDA Peter,CHO Eonrae/TAKAKIWA Kenichi,3,1,"8,11,11,11|11,9,5,4",QR16,GRAND_SLAM,MD,1739,Qualification,PISTEJ Lubomir (SVK) / SEREDA Peter (SVK),CHO Eonrae (KOR) / TAKAKIWA Kenichi (JPN),PISTEJ Lubomir
US Open Fort Lauderdale 2005,2005-07-07,KUZMIN Fedor/SMIRNOV Alexey,PISTEJ Lubomir/SEREDA Peter,4,1,"3,11,11,11,11|11,7,3,7,9",R16,GRAND_SLAM,MD,1739,Main Draw,KUZMIN Fedor (RUS) / SMIRNOV Alexey (RUS),PISTEJ Lubomir (SVK) / SEREDA Peter (SVK),KUZMIN Fedor
US Open Fort Lauderdale 2005,2005-07-07,GERELL Par/LUNDQVIST Jens,GATICA Hector/RAMIREZ Jose Miguel,3,0,"12,11,11|10,2,4",QR32,GRAND_SLAM,MD,1739,Qualification,GERELL Par (SWE) / LUNDQVIST Jens (SWE),GATICA Hector (GUA) / RAMIREZ Jose Miguel (GUA),GERELL Par
US Open Fort Lauderdale 2005,2005-07-07,LEE Jinkwon/YOON Jaeyoung,AXELQVIST Johan/PERSSON Jon,3,2,"8,11,11,10,14|11,8,5,12,12",QR32,GRAND_SLAM,MD,1739,Qualification,LEE Jinkwon (KOR) / YOON Jaeyoung (KOR),AXELQVIST Johan (SWE) / PERSSON Jon (SWE),LEE Jinkwon
US Open Fort Lauderdale 2005,2005-07-07,MATSUMOTO Cazuo/TSUBOI Gustavo,GERELL Par/LUNDQVIST Jens,3,1,"12,11,7,11|10,6,11,6",QR16,GRAND_SLAM,MD,1739,Qualification,MATSUMOTO Cazuo (BRA) / TSUBOI Gustavo (BRA),GERELL Par (SWE) / LUNDQVIST Jens (SWE),MATSUMOTO Cazuo
US Open Fort Lauderdale 2005,2005-07-07,MOLIN Magnus/SVENSSON Robert,CHO Jihoon/KIM Taehoon,3,0,"11,11,11|2,9,9",QR16,GRAND_SLAM,MD,1739,Qualification,MOLIN Magnus (SWE) / SVENSSON Robert (SWE),CHO Jihoon (KOR) / KIM Taehoon (KOR),MOLIN Magnus
US Open Fort Lauderdale 2005,2005-07-07,KUZMIN Fedor/SMIRNOV Alexey,MOLIN Magnus/SVENSSON Robert,4,2,"11,3,5,12,11,11|9,11,11,10,9,4",QF,GRAND_SLAM,MD,1739,Main Draw,KUZMIN Fedor (RUS) / SMIRNOV Alexey (RUS),MOLIN Magnus (SWE) / SVENSSON Robert (SWE),KUZMIN Fedor
US Open Fort Lauderdale 2005,2005-07-07,ERLANDSEN Geir/MOLDOVAN Istvan,DE SOUZA Kwaovi/GOMBOS Ludovic,3,1,"10,11,11,11|12,8,8,9",QR64,GRAND_SLAM,MD,1739,Qualification,ERLANDSEN Geir (NOR) / MOLDOVAN Istvan (NOR),DE SOUZA Kwaovi (TOG) / GOMBOS Ludovic (USA),ERLANDSEN Geir
US Open Fort Lauderdale 2005,2005-07-07,LEE Chulseung/YOO Changjae,DUBINA Samson/GREEN Wally,3,0,"11,11,11|2,4,8",QR32,GRAND_SLAM,MD,1739,Qualification,LEE Chulseung (KOR) / YOO Changjae (KOR),DUBINA Samson (USA) / GREEN Wally (USA),LEE Chulseung
US Open Fort Lauderdale 2005,2005-07-07,ALBAN Keith/JOHNSON Ben,CHIU Peter/GUO Peng,3,1,"11,15,11,11|6,17,9,8",QR64,GRAND_SLAM,MD,1739,Qualification,ALBAN Keith (USA) / JOHNSON Ben (WAL),CHIU Peter (CAN) / GUO Peng (CAN),ALBAN Keith
US Open Fort Lauderdale 2005,2005-07-07,MATSUMOTO Cazuo/TSUBOI Gustavo,CHRIST Nico/ROBERTSON Adam,3,1,"11,7,11,11|7,11,6,4",QR32,GRAND_SLAM,MD,1739,Qualification,MATSUMOTO Cazuo (BRA) / TSUBOI Gustavo (BRA),CHRIST Nico (GER) / ROBERTSON Adam (WAL),MATSUMOTO Cazuo
US Open Fort Lauderdale 2005,2005-07-07,HUGH Judy/WEI Barbara,LEACH Laura/LEVESQUE Marie-Andree,3,0,"11,11,11|4,6,8",QR32,GRAND_SLAM,WD,1739,Qualification,HUGH Judy (USA) / WEI Barbara (USA),LEACH Laura (USA) / LEVESQUE Marie-Andree (CAN),HUGH Judy
US Open Fort Lauderdale 2005,2005-07-07,GRUNDISCH Carole/ROBERTSON Laura,NGAN Anna/YAN Shirley,3,1,"12,11,5,13|10,7,11,11",QR32,GRAND_SLAM,WD,1739,Qualification,GRUNDISCH Carole (FRA) / ROBERTSON Laura (GER),NGAN Anna (CAN) / YAN Shirley (CAN),GRUNDISCH Carole
US Open Fort Lauderdale 2005,2005-07-07,TIE Yana/ZHANG Rui,LEE Eunhee/LEE Hyangmi,4,1,"11,12,11,15,11|6,14,9,13,6",R16,GRAND_SLAM,WD,1739,Main Draw,TIE Yana (HKG) / ZHANG Rui (HKG),LEE Eunhee (KOR) / LEE Hyangmi (KOR),TIE Yana
US Open Fort Lauderdale 2005,2005-07-07,TIE Yana/ZHANG Rui,KIM Minhee (YOB=1985)/MOON Hyunjung,4,1,"11,5,11,11,11|5,11,5,5,6",QF,GRAND_SLAM,WD,1739,Main Draw,TIE Yana (HKG) / ZHANG Rui (HKG),KIM Minhee (YOB=1985) (KOR) / MOON Hyunjung (KOR),TIE Yana
US Open Fort Lauderdale 2005,2005-07-07,TIE Yana/ZHANG Rui,SUN Beibei/WANG Yuegu,4,1,"11,11,11,7,11|5,4,8,11,9",SF,GRAND_SLAM,WD,1739,Main Draw,TIE Yana (HKG) / ZHANG Rui (HKG),SUN Beibei (SGP) / WANG Yuegu (SGP),TIE Yana
US Open Fort Lauderdale 2005,2005-07-07,TIE Yana/ZHANG Rui,KIM Hyehyun/KIM Junghyun,4,2,"11,9,5,11,11,11|5,11,11,5,5,9",F,GRAND_SLAM,WD,1739,Main Draw,TIE Yana (HKG) / ZHANG Rui (HKG),KIM Hyehyun (KOR) / KIM Junghyun (KOR),TIE Yana
US Open Fort Lauderdale 2005,2005-07-07,HALAS Helena/RATHER Jasna,MEDINA Iizzwa/MEDINA Zzwitjhallim,3,1,"13,6,11,11|11,11,7,5",QR16,GRAND_SLAM,WD,1739,Qualification,HALAS Helena (SLO) / RATHER Jasna (USA),MEDINA Iizzwa (HON) / MEDINA Zzwitjhallim (HON),HALAS Helena
US Open Fort Lauderdale 2005,2005-07-07,CAHOREAU Nathalie/COULIBALY Dieniouma,PAUL Mousumi/RAY Susmita,3,1,"11,10,11,11|9,12,6,5",QR32,GRAND_SLAM,WD,1739,Qualification,CAHOREAU Nathalie (FRA) / COULIBALY Dieniouma (FRA),PAUL Mousumi (IND) / RAY Susmita (IND),CAHOREAU Nathalie
US Open Fort Lauderdale 2005,2005-07-07,KERTAI Rita/LOVAS Petra,PRABHU Mamata/VIJAY Vishaka,3,0,"11,11,11|6,9,3",QR16,GRAND_SLAM,WD,1739,Qualification,KERTAI Rita (HUN) / LOVAS Petra (HUN),PRABHU Mamata (IND) / VIJAY Vishaka (IND),KERTAI Rita
US Open Fort Lauderdale 2005,2005-07-07,FUJII Hiroko/HIURA Reiko,CAHOREAU Nathalie/COULIBALY Dieniouma,3,0,"11,11,11|2,5,5",QR16,GRAND_SLAM,WD,1739,Qualification,FUJII Hiroko (JPN) / HIURA Reiko (JPN),CAHOREAU Nathalie (FRA) / COULIBALY Dieniouma (FRA),FUJII Hiroko
US Open Fort Lauderdale 2005,2005-07-07,KIM Bokrae/KIM Kyungah,FUJII Hiroko/HIURA Reiko,4,2,"11,11,7,11,13,11|7,13,11,9,11,7",R16,GRAND_SLAM,WD,1739,Main Draw,KIM Bokrae (KOR) / KIM Kyungah (KOR),FUJII Hiroko (JPN) / HIURA Reiko (JPN),KIM Bokrae
US Open Fort Lauderdale 2005,2005-07-07,LI Jiawei/PARK Miyoung,HIRANO Sayaka/TASEI Mikie,4,3,"10,11,11,4,18,6,13|12,8,6,11,16,11,11",R16,GRAND_SLAM,WD,1739,Main Draw,LI Jiawei (SGP) / PARK Miyoung (KOR),HIRANO Sayaka (JPN) / TASEI Mikie (JPN),LI Jiawei
US Open Fort Lauderdale 2005,2005-07-07,LI Jiawei/PARK Miyoung,HUGH Judy/WEI Barbara,3,1,"11,14,11,11|5,16,9,9",QR16,GRAND_SLAM,WD,1739,Qualification,LI Jiawei (SGP) / PARK Miyoung (KOR),HUGH Judy (USA) / WEI Barbara (USA),LI Jiawei
US Open Fort Lauderdale 2005,2005-07-07,KIM Hyehyun/KIM Junghyun,GRUNDISCH Carole/ROBERTSON Laura,3,1,"12,4,11,11|10,11,5,9",QR16,GRAND_SLAM,WD,1739,Qualification,KIM Hyehyun (KOR) / KIM Junghyun (KOR),GRUNDISCH Carole (FRA) / ROBERTSON Laura (GER),KIM Hyehyun
US Open Fort Lauderdale 2005,2005-07-07,JEON Hyekyung/KIM Soongsil,STRBIKOVA Renata/STRUSE Nicole,3,0,"11,11,11|6,9,7",QR16,GRAND_SLAM,WD,1739,Qualification,JEON Hyekyung (KOR) / KIM Soongsil (KOR),STRBIKOVA Renata (CZE) / STRUSE Nicole (GER),JEON Hyekyung
US Open Fort Lauderdale 2005,2005-07-07,KIM Minhee (YOB=1985)/MOON Hyunjung,LANG Kristin/SCHALL Elke,4,1,"12,11,11,9,11|10,5,6,11,3",R16,GRAND_SLAM,WD,1739,Main Draw,KIM Minhee (YOB=1985) (KOR) / MOON Hyunjung (KOR),LANG Kristin (GER) / SCHALL Elke (GER),KIM Minhee (YOB=1985)
US Open Fort Lauderdale 2005,2005-07-07,JEON Hyekyung/KIM Soongsil,GAO Jun/LI Jiao,4,3,"5,4,11,11,11,10,11|11,11,6,5,7,12,4",R16,GRAND_SLAM,WD,1739,Main Draw,JEON Hyekyung (KOR) / KIM Soongsil (KOR),GAO Jun (USA) / LI Jiao (NED),JEON Hyekyung
US Open Fort Lauderdale 2005,2005-07-07,KIM Hyehyun/KIM Junghyun,LAU Sui Fei/SONG Ah Sim,4,3,"10,13,11,11,7,6,11|12,11,7,9,11,11,6",R16,GRAND_SLAM,WD,1739,Main Draw,KIM Hyehyun (KOR) / KIM Junghyun (KOR),LAU Sui Fei (HKG) / SONG Ah Sim (HKG),KIM Hyehyun
US Open Fort Lauderdale 2005,2005-07-07,KIM Hyehyun/KIM Junghyun,LI Jiawei/PARK Miyoung,4,1,"13,13,6,11,11|11,11,11,9,9",QF,GRAND_SLAM,WD,1739,Main Draw,KIM Hyehyun (KOR) / KIM Junghyun (KOR),LI Jiawei (SGP) / PARK Miyoung (KOR),KIM Hyehyun
US Open Fort Lauderdale 2005,2005-07-07,SUN Beibei/WANG Yuegu,KERTAI Rita/LOVAS Petra,4,0,"11,11,11,11|2,8,9,5",R16,GRAND_SLAM,WD,1739,Main Draw,SUN Beibei (SGP) / WANG Yuegu (SGP),KERTAI Rita (HUN) / LOVAS Petra (HUN),SUN Beibei
US Open Fort Lauderdale 2005,2005-07-07,TAN Paey Fern/ZHANG Xueling,HALAS Helena/RATHER Jasna,4,0,"11,11,13,11|2,5,11,4",R16,GRAND_SLAM,WD,1739,Main Draw,TAN Paey Fern (SGP) / ZHANG Xueling (SGP),HALAS Helena (SLO) / RATHER Jasna (USA),TAN Paey Fern
US Open Fort Lauderdale 2005,2005-07-07,SUN Beibei/WANG Yuegu,KIM Bokrae/KIM Kyungah,4,1,"11,11,14,11,11|13,7,12,4,8",QF,GRAND_SLAM,WD,1739,Main Draw,SUN Beibei (SGP) / WANG Yuegu (SGP),KIM Bokrae (KOR) / KIM Kyungah (KOR),SUN Beibei
US Open Fort Lauderdale 2005,2005-07-07,TAN Paey Fern/ZHANG Xueling,JEON Hyekyung/KIM Soongsil,4,1,"12,11,11,9,11|10,9,6,11,9",QF,GRAND_SLAM,WD,1739,Main Draw,TAN Paey Fern (SGP) / ZHANG Xueling (SGP),JEON Hyekyung (KOR) / KIM Soongsil (KOR),TAN Paey Fern
US Open Fort Lauderdale 2005,2005-07-07,KIM Hyehyun/KIM Junghyun,TAN Paey Fern/ZHANG Xueling,4,0,"11,13,15,11|9,11,13,8",SF,GRAND_SLAM,WD,1739,Main Draw,KIM Hyehyun (KOR) / KIM Junghyun (KOR),TAN Paey Fern (SGP) / ZHANG Xueling (SGP),KIM Hyehyun
US Open Fort Lauderdale 2005,2005-07-07,BANH THUA Tawny/HUANG Crystal Xi,CHAKRABORTY Kasturi/PING Whitney,3,0,"11,13,11|3,11,4",QR32,GRAND_SLAM,WD,1739,Qualification,BANH THUA Tawny (USA) / HUANG Crystal Xi (USA),CHAKRABORTY Kasturi (IND) / PING Whitney (USA),BANH THUA Tawny
US Open Fort Lauderdale 2005,2005-07-07,CHIU Wennin/LEE Jacqueline,XIAO Laura/YI Sophia Dan Dan,3,0,"11,12,11|3,10,9",QR32,GRAND_SLAM,WD,1739,Qualification,CHIU Wennin (CAN) / LEE Jacqueline (USA),XIAO Laura (USA) / YI Sophia Dan Dan (USA),CHIU Wennin
US Open Fort Lauderdale 2005,2005-07-07,LEE Eunhee/LEE Hyangmi,BANH THUA Tawny/HUANG Crystal Xi,3,1,"9,11,11,11|11,5,3,4",QR16,GRAND_SLAM,WD,1739,Qualification,LEE Eunhee (KOR) / LEE Hyangmi (KOR),BANH THUA Tawny (USA) / HUANG Crystal Xi (USA),LEE Eunhee
US Open Fort Lauderdale 2005,2005-07-07,KIM Minhee (YOB=1985)/MOON Hyunjung,CHIU Wennin/LEE Jacqueline,3,0,"12,11,11|10,5,9",QR16,GRAND_SLAM,WD,1739,Qualification,KIM Minhee (YOB=1985) (KOR) / MOON Hyunjung (KOR),CHIU Wennin (CAN) / LEE Jacqueline (USA),KIM Minhee (YOB=1985)
